utc_date,category_key,category_label,event_records,purchase_events,purchase_amount,count_allowed,amount_allowed,analysis_scope
2019-10-01,bucket:unknown,unknown,19741,219,31915.26,True,True,rees46_oct_nov_user5_analysis_v1
2019-10-01,category:accessories,accessories,325,1,38.61,True,True,rees46_oct_nov_user5_analysis_v1
2019-10-01,category:apparel,apparel,1980,4,282.34,True,True,rees46_oct_nov_user5_analysis_v1
2019-10-01,category:appliances,appliances,6150,98,16421.44,True,True,rees46_oct_nov_user5_analysis_v1
2019-10-01,category:auto,auto,1493,5,457.41,True,True,rees46_oct_nov_user5_analysis_v1
2019-10-01,category:computers,computers,3340,41,23702.18,True,True,rees46_oct_nov_user5_analysis_v1
2019-10-01,category:construction,construction,1044,13,1458.56,True,True,rees46_oct_nov_user5_analysis_v1
2019-10-01,category:country_yard,country_yard,11,0,0.00,True,True,rees46_oct_nov_user5_analysis_v1
2019-10-01,category:electronics,electronics,24325,584,246379.85,True,True,rees46_oct_nov_user5_analysis_v1
2019-10-01,category:furniture,furniture,1735,15,3404.67,True,True,rees46_oct_nov_user5_analysis_v1
2019-10-01,category:kids,kids,841,10,902.67,True,True,rees46_oct_nov_user5_analysis_v1
2019-10-01,category:medicine,medicine,27,2,102.86,True,True,rees46_oct_nov_user5_analysis_v1
2019-10-01,category:sport,sport,244,0,0.00,True,True,rees46_oct_nov_user5_analysis_v1
2019-10-01,category:stationery,stationery,71,0,0.00,True,True,rees46_oct_nov_user5_analysis_v1
2019-10-02,bucket:unknown,unknown,18468,173,30151.71,True,True,rees46_oct_nov_user5_analysis_v1
2019-10-02,category:accessories,accessories,377,2,29.78,True,True,rees46_oct_nov_user5_analysis_v1
2019-10-02,category:apparel,apparel,1581,14,1200.25,True,True,rees46_oct_nov_user5_analysis_v1
2019-10-02,category:appliances,appliances,6663,83,13518.10,True,True,rees46_oct_nov_user5_analysis_v1
2019-10-02,category:auto,auto,1358,17,2096.19,True,True,rees46_oct_nov_user5_analysis_v1
2019-10-02,category:computers,computers,3291,35,20890.98,True,True,rees46_oct_nov_user5_analysis_v1
2019-10-02,category:construction,construction,981,8,543.16,True,True,rees46_oct_nov_user5_analysis_v1
2019-10-02,category:country_yard,country_yard,17,0,0.00,True,True,rees46_oct_nov_user5_analysis_v1
2019-10-02,category:electronics,electronics,24397,571,249581.33,True,True,rees46_oct_nov_user5_analysis_v1
2019-10-02,category:furniture,furniture,1391,14,2861.66,True,True,rees46_oct_nov_user5_analysis_v1
2019-10-02,category:kids,kids,683,8,1207.79,True,True,rees46_oct_nov_user5_analysis_v1
2019-10-02,category:medicine,medicine,9,0,0.00,True,True,rees46_oct_nov_user5_analysis_v1
2019-10-02,category:sport,sport,317,1,450.46,True,True,rees46_oct_nov_user5_analysis_v1
2019-10-02,category:stationery,stationery,34,0,0.00,True,True,rees46_oct_nov_user5_analysis_v1
2019-10-03,bucket:unknown,unknown,17108,237,32829.72,True,True,rees46_oct_nov_user5_analysis_v1
2019-10-03,category:accessories,accessories,252,4,238.61,True,True,rees46_oct_nov_user5_analysis_v1
2019-10-03,category:apparel,apparel,1387,5,344.92,True,True,rees46_oct_nov_user5_analysis_v1
2019-10-03,category:appliances,appliances,5860,70,11679.17,True,True,rees46_oct_nov_user5_analysis_v1
2019-10-03,category:auto,auto,1309,8,701.42,True,True,rees46_oct_nov_user5_analysis_v1
2019-10-03,category:computers,computers,3106,43,25929.55,True,True,rees46_oct_nov_user5_analysis_v1
2019-10-03,category:construction,construction,988,10,2137.07,True,True,rees46_oct_nov_user5_analysis_v1
2019-10-03,category:country_yard,country_yard,21,0,0.00,True,True,rees46_oct_nov_user5_analysis_v1
2019-10-03,category:electronics,electronics,23257,572,228017.50,True,True,rees46_oct_nov_user5_analysis_v1
2019-10-03,category:furniture,furniture,1263,8,1652.45,True,True,rees46_oct_nov_user5_analysis_v1
2019-10-03,category:kids,kids,756,8,745.36,True,True,rees46_oct_nov_user5_analysis_v1
2019-10-03,category:medicine,medicine,11,0,0.00,True,True,rees46_oct_nov_user5_analysis_v1
2019-10-03,category:sport,sport,273,6,2723.36,True,True,rees46_oct_nov_user5_analysis_v1
2019-10-03,category:stationery,stationery,5,0,0.00,True,True,rees46_oct_nov_user5_analysis_v1
2019-10-04,bucket:unknown,unknown,20611,294,42370.34,True,True,rees46_oct_nov_user5_analysis_v1
2019-10-04,category:accessories,accessories,250,0,0.00,True,True,rees46_oct_nov_user5_analysis_v1
2019-10-04,category:apparel,apparel,1338,4,238.81,True,True,rees46_oct_nov_user5_analysis_v1
2019-10-04,category:appliances,appliances,9388,129,25903.63,True,True,rees46_oct_nov_user5_analysis_v1
2019-10-04,category:auto,auto,2621,26,2961.72,True,True,rees46_oct_nov_user5_analysis_v1
2019-10-04,category:computers,computers,4285,51,20727.03,True,True,rees46_oct_nov_user5_analysis_v1
2019-10-04,category:construction,construction,805,6,558.70,True,True,rees46_oct_nov_user5_analysis_v1
2019-10-04,category:country_yard,country_yard,8,2,248.66,True,True,rees46_oct_nov_user5_analysis_v1
2019-10-04,category:electronics,electronics,28811,773,324083.38,True,True,rees46_oct_nov_user5_analysis_v1
2019-10-04,category:furniture,furniture,1215,5,915.86,True,True,rees46_oct_nov_user5_analysis_v1
2019-10-04,category:kids,kids,700,17,2511.71,True,True,rees46_oct_nov_user5_analysis_v1
2019-10-04,category:medicine,medicine,7,0,0.00,True,True,rees46_oct_nov_user5_analysis_v1
2019-10-04,category:sport,sport,290,6,976.96,True,True,rees46_oct_nov_user5_analysis_v1
2019-10-04,category:stationery,stationery,16,0,0.00,True,True,rees46_oct_nov_user5_analysis_v1
2019-10-05,bucket:unknown,unknown,20483,263,36104.92,True,True,rees46_oct_nov_user5_analysis_v1
2019-10-05,category:accessories,accessories,203,0,0.00,True,True,rees46_oct_nov_user5_analysis_v1
2019-10-05,category:apparel,apparel,1551,5,493.42,True,True,rees46_oct_nov_user5_analysis_v1
2019-10-05,category:appliances,appliances,8216,99,18881.20,True,True,rees46_oct_nov_user5_analysis_v1
2019-10-05,category:auto,auto,2455,22,2559.95,True,True,rees46_oct_nov_user5_analysis_v1
2019-10-05,category:computers,computers,4189,59,28057.17,True,True,rees46_oct_nov_user5_analysis_v1
2019-10-05,category:construction,construction,767,2,161.86,True,True,rees46_oct_nov_user5_analysis_v1
2019-10-05,category:country_yard,country_yard,24,0,0.00,True,True,rees46_oct_nov_user5_analysis_v1
2019-10-05,category:electronics,electronics,25314,685,303194.76,True,True,rees46_oct_nov_user5_analysis_v1
2019-10-05,category:furniture,furniture,1367,9,1388.04,True,True,rees46_oct_nov_user5_analysis_v1
2019-10-05,category:kids,kids,694,8,321.76,True,True,rees46_oct_nov_user5_analysis_v1
2019-10-05,category:medicine,medicine,9,0,0.00,True,True,rees46_oct_nov_user5_analysis_v1
2019-10-05,category:sport,sport,328,5,1392.01,True,True,rees46_oct_nov_user5_analysis_v1
2019-10-05,category:stationery,stationery,13,0,0.00,True,True,rees46_oct_nov_user5_analysis_v1
2019-10-06,bucket:unknown,unknown,20832,258,34380.74,True,True,rees46_oct_nov_user5_analysis_v1
2019-10-06,category:accessories,accessories,271,1,88.78,True,True,rees46_oct_nov_user5_analysis_v1
2019-10-06,category:apparel,apparel,1304,4,198.71,True,True,rees46_oct_nov_user5_analysis_v1
2019-10-06,category:appliances,appliances,7922,102,17983.60,True,True,rees46_oct_nov_user5_analysis_v1
2019-10-06,category:auto,auto,2108,22,2344.70,True,True,rees46_oct_nov_user5_analysis_v1
2019-10-06,category:computers,computers,3310,38,15856.76,True,True,rees46_oct_nov_user5_analysis_v1
2019-10-06,category:construction,construction,804,15,1661.79,True,True,rees46_oct_nov_user5_analysis_v1
2019-10-06,category:country_yard,country_yard,26,0,0.00,True,True,rees46_oct_nov_user5_analysis_v1
2019-10-06,category:electronics,electronics,24933,604,238979.25,True,True,rees46_oct_nov_user5_analysis_v1
2019-10-06,category:furniture,furniture,1475,5,1298.89,True,True,rees46_oct_nov_user5_analysis_v1
2019-10-06,category:kids,kids,758,14,3497.53,True,True,rees46_oct_nov_user5_analysis_v1
2019-10-06,category:medicine,medicine,29,0,0.00,True,True,rees46_oct_nov_user5_analysis_v1
2019-10-06,category:sport,sport,263,4,1843.04,True,True,rees46_oct_nov_user5_analysis_v1
2019-10-07,bucket:unknown,unknown,19884,274,44229.56,True,True,rees46_oct_nov_user5_analysis_v1
2019-10-07,category:accessories,accessories,390,4,132.22,True,True,rees46_oct_nov_user5_analysis_v1
2019-10-07,category:apparel,apparel,1321,6,519.17,True,True,rees46_oct_nov_user5_analysis_v1
2019-10-07,category:appliances,appliances,6669,98,16229.61,True,True,rees46_oct_nov_user5_analysis_v1
2019-10-07,category:auto,auto,2172,27,3492.53,True,True,rees46_oct_nov_user5_analysis_v1
2019-10-07,category:computers,computers,3256,45,19769.49,True,True,rees46_oct_nov_user5_analysis_v1
2019-10-07,category:construction,construction,857,7,823.10,True,True,rees46_oct_nov_user5_analysis_v1
2019-10-07,category:country_yard,country_yard,11,0,0.00,True,True,rees46_oct_nov_user5_analysis_v1
2019-10-07,category:electronics,electronics,22949,589,226629.51,True,True,rees46_oct_nov_user5_analysis_v1
2019-10-07,category:furniture,furniture,1308,8,1748.13,True,True,rees46_oct_nov_user5_analysis_v1
2019-10-07,category:kids,kids,642,5,1345.45,True,True,rees46_oct_nov_user5_analysis_v1
2019-10-07,category:medicine,medicine,6,0,0.00,True,True,rees46_oct_nov_user5_analysis_v1
2019-10-07,category:sport,sport,292,4,1214.94,True,True,rees46_oct_nov_user5_analysis_v1
2019-10-07,category:stationery,stationery,5,0,0.00,True,True,rees46_oct_nov_user5_analysis_v1
2019-10-08,bucket:unknown,unknown,25558,298,35256.21,True,True,rees46_oct_nov_user5_analysis_v1
2019-10-08,category:accessories,accessories,342,3,180.95,True,True,rees46_oct_nov_user5_analysis_v1
2019-10-08,category:apparel,apparel,1563,8,823.71,True,True,rees46_oct_nov_user5_analysis_v1
2019-10-08,category:appliances,appliances,7389,85,14977.30,True,True,rees46_oct_nov_user5_analysis_v1
2019-10-08,category:auto,auto,3062,31,4011.53,True,True,rees46_oct_nov_user5_analysis_v1
2019-10-08,category:computers,computers,2973,31,15967.00,True,True,rees46_oct_nov_user5_analysis_v1
2019-10-08,category:construction,construction,910,7,963.01,True,True,rees46_oct_nov_user5_analysis_v1
2019-10-08,category:country_yard,country_yard,30,0,0.00,True,True,rees46_oct_nov_user5_analysis_v1
2019-10-08,category:electronics,electronics,23073,551,225129.04,True,True,rees46_oct_nov_user5_analysis_v1
2019-10-08,category:furniture,furniture,1485,8,2529.29,True,True,rees46_oct_nov_user5_analysis_v1
2019-10-08,category:kids,kids,748,8,1070.09,True,True,rees46_oct_nov_user5_analysis_v1
2019-10-08,category:medicine,medicine,30,1,47.62,True,True,rees46_oct_nov_user5_analysis_v1
2019-10-08,category:sport,sport,264,4,1697.86,True,True,rees46_oct_nov_user5_analysis_v1
2019-10-08,category:stationery,stationery,11,1,11.30,True,True,rees46_oct_nov_user5_analysis_v1
2019-10-09,bucket:unknown,unknown,24128,275,39119.46,True,True,rees46_oct_nov_user5_analysis_v1
2019-10-09,category:accessories,accessories,369,2,34.95,True,True,rees46_oct_nov_user5_analysis_v1
2019-10-09,category:apparel,apparel,2107,7,545.95,True,True,rees46_oct_nov_user5_analysis_v1
2019-10-09,category:appliances,appliances,6617,90,14989.32,True,True,rees46_oct_nov_user5_analysis_v1
2019-10-09,category:auto,auto,2421,30,3411.60,True,True,rees46_oct_nov_user5_analysis_v1
2019-10-09,category:computers,computers,3647,32,17126.41,True,True,rees46_oct_nov_user5_analysis_v1
2019-10-09,category:construction,construction,698,10,598.02,True,True,rees46_oct_nov_user5_analysis_v1
2019-10-09,category:country_yard,country_yard,16,0,0.00,True,True,rees46_oct_nov_user5_analysis_v1
2019-10-09,category:electronics,electronics,23739,691,322489.10,True,True,rees46_oct_nov_user5_analysis_v1
2019-10-09,category:furniture,furniture,1611,15,2807.99,True,True,rees46_oct_nov_user5_analysis_v1
2019-10-09,category:kids,kids,729,5,388.77,True,True,rees46_oct_nov_user5_analysis_v1
2019-10-09,category:medicine,medicine,17,0,0.00,True,True,rees46_oct_nov_user5_analysis_v1
2019-10-09,category:sport,sport,201,1,51.48,True,True,rees46_oct_nov_user5_analysis_v1
2019-10-09,category:stationery,stationery,29,0,0.00,True,True,rees46_oct_nov_user5_analysis_v1
2019-10-10,bucket:unknown,unknown,21475,289,43628.27,True,True,rees46_oct_nov_user5_analysis_v1
2019-10-10,category:accessories,accessories,401,1,43.76,True,True,rees46_oct_nov_user5_analysis_v1
2019-10-10,category:apparel,apparel,1654,6,362.14,True,True,rees46_oct_nov_user5_analysis_v1
2019-10-10,category:appliances,appliances,7851,92,13319.83,True,True,rees46_oct_nov_user5_analysis_v1
2019-10-10,category:auto,auto,1965,19,2160.24,True,True,rees46_oct_nov_user5_analysis_v1
2019-10-10,category:computers,computers,3968,35,16006.93,True,True,rees46_oct_nov_user5_analysis_v1
2019-10-10,category:construction,construction,1005,7,542.57,True,True,rees46_oct_nov_user5_analysis_v1
2019-10-10,category:country_yard,country_yard,10,0,0.00,True,True,rees46_oct_nov_user5_analysis_v1
2019-10-10,category:electronics,electronics,24531,612,265943.91,True,True,rees46_oct_nov_user5_analysis_v1
2019-10-10,category:furniture,furniture,1431,11,2304.59,True,True,rees46_oct_nov_user5_analysis_v1
2019-10-10,category:kids,kids,825,9,1218.79,True,True,rees46_oct_nov_user5_analysis_v1
2019-10-10,category:medicine,medicine,17,1,47.62,True,True,rees46_oct_nov_user5_analysis_v1
2019-10-10,category:sport,sport,261,4,1179.96,True,True,rees46_oct_nov_user5_analysis_v1
2019-10-10,category:stationery,stationery,16,1,11.30,True,True,rees46_oct_nov_user5_analysis_v1
2019-10-11,bucket:unknown,unknown,26241,341,44477.66,True,True,rees46_oct_nov_user5_analysis_v1
2019-10-11,category:accessories,accessories,470,1,9.01,True,True,rees46_oct_nov_user5_analysis_v1
2019-10-11,category:apparel,apparel,2803,11,776.32,True,True,rees46_oct_nov_user5_analysis_v1
2019-10-11,category:appliances,appliances,8535,116,16456.35,True,True,rees46_oct_nov_user5_analysis_v1
2019-10-11,category:auto,auto,1873,20,2146.22,True,True,rees46_oct_nov_user5_analysis_v1
2019-10-11,category:computers,computers,4007,56,24429.44,True,True,rees46_oct_nov_user5_analysis_v1
2019-10-11,category:construction,construction,1289,12,1106.24,True,True,rees46_oct_nov_user5_analysis_v1
2019-10-11,category:country_yard,country_yard,21,1,91.33,True,True,rees46_oct_nov_user5_analysis_v1
2019-10-11,category:electronics,electronics,28169,752,320498.11,True,True,rees46_oct_nov_user5_analysis_v1
2019-10-11,category:furniture,furniture,1779,12,2841.36,True,True,rees46_oct_nov_user5_analysis_v1
2019-10-11,category:kids,kids,1042,4,869.28,True,True,rees46_oct_nov_user5_analysis_v1
2019-10-11,category:medicine,medicine,28,2,60.44,True,True,rees46_oct_nov_user5_analysis_v1
2019-10-11,category:sport,sport,375,7,2219.18,True,True,rees46_oct_nov_user5_analysis_v1
2019-10-11,category:stationery,stationery,4,0,0.00,True,True,rees46_oct_nov_user5_analysis_v1
2019-10-12,bucket:unknown,unknown,26390,360,50046.56,True,True,rees46_oct_nov_user5_analysis_v1
2019-10-12,category:accessories,accessories,390,2,68.19,True,True,rees46_oct_nov_user5_analysis_v1
2019-10-12,category:apparel,apparel,2580,11,659.45,True,True,rees46_oct_nov_user5_analysis_v1
2019-10-12,category:appliances,appliances,8250,104,18072.10,True,True,rees46_oct_nov_user5_analysis_v1
2019-10-12,category:auto,auto,1974,20,2759.81,True,True,rees46_oct_nov_user5_analysis_v1
2019-10-12,category:computers,computers,4063,35,11973.88,True,True,rees46_oct_nov_user5_analysis_v1
2019-10-12,category:construction,construction,1235,9,1167.99,True,True,rees46_oct_nov_user5_analysis_v1
2019-10-12,category:country_yard,country_yard,4,0,0.00,True,True,rees46_oct_nov_user5_analysis_v1
2019-10-12,category:electronics,electronics,26683,676,287572.41,True,True,rees46_oct_nov_user5_analysis_v1
2019-10-12,category:furniture,furniture,1824,10,3243.91,True,True,rees46_oct_nov_user5_analysis_v1
2019-10-12,category:kids,kids,1043,8,1023.42,True,True,rees46_oct_nov_user5_analysis_v1
2019-10-12,category:medicine,medicine,44,0,0.00,True,True,rees46_oct_nov_user5_analysis_v1
2019-10-12,category:sport,sport,334,8,1206.78,True,True,rees46_oct_nov_user5_analysis_v1
2019-10-12,category:stationery,stationery,26,0,0.00,True,True,rees46_oct_nov_user5_analysis_v1
2019-10-13,bucket:unknown,unknown,27252,420,51146.78,True,True,rees46_oct_nov_user5_analysis_v1
2019-10-13,category:accessories,accessories,451,5,182.93,True,True,rees46_oct_nov_user5_analysis_v1
2019-10-13,category:apparel,apparel,2843,13,1094.47,True,True,rees46_oct_nov_user5_analysis_v1
2019-10-13,category:appliances,appliances,10311,170,29568.88,True,True,rees46_oct_nov_user5_analysis_v1
2019-10-13,category:auto,auto,1871,19,2459.91,True,True,rees46_oct_nov_user5_analysis_v1
2019-10-13,category:computers,computers,4355,75,25331.08,True,True,rees46_oct_nov_user5_analysis_v1
2019-10-13,category:construction,construction,1865,34,7894.66,True,True,rees46_oct_nov_user5_analysis_v1
2019-10-13,category:country_yard,country_yard,43,0,0.00,True,True,rees46_oct_nov_user5_analysis_v1
2019-10-13,category:electronics,electronics,28736,729,287911.12,True,True,rees46_oct_nov_user5_analysis_v1
2019-10-13,category:furniture,furniture,2346,18,4605.95,True,True,rees46_oct_nov_user5_analysis_v1
2019-10-13,category:kids,kids,1014,13,1552.06,True,True,rees46_oct_nov_user5_analysis_v1
2019-10-13,category:medicine,medicine,32,0,0.00,True,True,rees46_oct_nov_user5_analysis_v1
2019-10-13,category:sport,sport,310,3,586.65,True,True,rees46_oct_nov_user5_analysis_v1
2019-10-13,category:stationery,stationery,11,0,0.00,True,True,rees46_oct_nov_user5_analysis_v1
2019-10-14,bucket:unknown,unknown,21291,301,35466.28,True,True,rees46_oct_nov_user5_analysis_v1
2019-10-14,category:accessories,accessories,357,6,189.16,True,True,rees46_oct_nov_user5_analysis_v1
2019-10-14,category:apparel,apparel,2256,6,480.58,True,True,rees46_oct_nov_user5_analysis_v1
2019-10-14,category:appliances,appliances,9747,166,34685.09,True,True,rees46_oct_nov_user5_analysis_v1
2019-10-14,category:auto,auto,1257,10,1535.49,True,True,rees46_oct_nov_user5_analysis_v1
2019-10-14,category:computers,computers,3960,52,28442.27,True,True,rees46_oct_nov_user5_analysis_v1
2019-10-14,category:construction,construction,1421,8,653.31,True,True,rees46_oct_nov_user5_analysis_v1
2019-10-14,category:country_yard,country_yard,8,0,0.00,True,True,rees46_oct_nov_user5_analysis_v1
2019-10-14,category:electronics,electronics,29025,871,382656.79,True,True,rees46_oct_nov_user5_analysis_v1
2019-10-14,category:furniture,furniture,1453,13,3047.18,True,True,rees46_oct_nov_user5_analysis_v1
2019-10-14,category:kids,kids,791,18,1620.41,True,True,rees46_oct_nov_user5_analysis_v1
2019-10-14,category:medicine,medicine,17,0,0.00,True,True,rees46_oct_nov_user5_analysis_v1
2019-10-14,category:sport,sport,284,3,864.97,True,True,rees46_oct_nov_user5_analysis_v1
2019-10-14,category:stationery,stationery,11,0,0.00,True,True,rees46_oct_nov_user5_analysis_v1
2019-10-15,bucket:unknown,unknown,23845,263,27382.46,True,True,rees46_oct_nov_user5_analysis_v1
2019-10-15,category:accessories,accessories,450,3,108.52,True,True,rees46_oct_nov_user5_analysis_v1
2019-10-15,category:apparel,apparel,2407,10,652.77,True,True,rees46_oct_nov_user5_analysis_v1
2019-10-15,category:appliances,appliances,9837,138,34381.96,True,True,rees46_oct_nov_user5_analysis_v1
2019-10-15,category:auto,auto,1628,15,1896.57,True,True,rees46_oct_nov_user5_analysis_v1
2019-10-15,category:computers,computers,4832,59,26261.21,True,True,rees46_oct_nov_user5_analysis_v1
2019-10-15,category:construction,construction,1477,13,1190.11,True,True,rees46_oct_nov_user5_analysis_v1
2019-10-15,category:country_yard,country_yard,16,0,0.00,True,True,rees46_oct_nov_user5_analysis_v1
2019-10-15,category:electronics,electronics,30020,786,316266.79,True,True,rees46_oct_nov_user5_analysis_v1
2019-10-15,category:furniture,furniture,1722,6,1742.85,True,True,rees46_oct_nov_user5_analysis_v1
2019-10-15,category:kids,kids,929,4,396.59,True,True,rees46_oct_nov_user5_analysis_v1
2019-10-15,category:medicine,medicine,48,2,92.36,True,True,rees46_oct_nov_user5_analysis_v1
2019-10-15,category:sport,sport,480,2,503.97,True,True,rees46_oct_nov_user5_analysis_v1
2019-10-15,category:stationery,stationery,44,0,0.00,True,True,rees46_oct_nov_user5_analysis_v1
2019-10-16,bucket:unknown,unknown,24167,349,57162.92,True,True,rees46_oct_nov_user5_analysis_v1
2019-10-16,category:accessories,accessories,307,3,114.74,True,True,rees46_oct_nov_user5_analysis_v1
2019-10-16,category:apparel,apparel,2846,13,841.99,True,True,rees46_oct_nov_user5_analysis_v1
2019-10-16,category:appliances,appliances,9771,164,30843.51,True,True,rees46_oct_nov_user5_analysis_v1
2019-10-16,category:auto,auto,1560,13,1495.42,True,True,rees46_oct_nov_user5_analysis_v1
2019-10-16,category:computers,computers,4400,88,45701.65,True,True,rees46_oct_nov_user5_analysis_v1
2019-10-16,category:construction,construction,1356,13,2421.52,True,True,rees46_oct_nov_user5_analysis_v1
2019-10-16,category:country_yard,country_yard,17,0,0.00,True,True,rees46_oct_nov_user5_analysis_v1
2019-10-16,category:electronics,electronics,31307,961,402334.27,True,True,rees46_oct_nov_user5_analysis_v1
2019-10-16,category:furniture,furniture,1685,12,2606.35,True,True,rees46_oct_nov_user5_analysis_v1
2019-10-16,category:kids,kids,836,14,2118.76,True,True,rees46_oct_nov_user5_analysis_v1
2019-10-16,category:medicine,medicine,13,0,0.00,True,True,rees46_oct_nov_user5_analysis_v1
2019-10-16,category:sport,sport,482,5,1243.58,True,True,rees46_oct_nov_user5_analysis_v1
2019-10-16,category:stationery,stationery,3,0,0.00,True,True,rees46_oct_nov_user5_analysis_v1
2019-10-17,bucket:unknown,unknown,20730,334,52467.35,True,True,rees46_oct_nov_user5_analysis_v1
2019-10-17,category:accessories,accessories,398,5,164.18,True,True,rees46_oct_nov_user5_analysis_v1
2019-10-17,category:apparel,apparel,2692,15,1080.81,True,True,rees46_oct_nov_user5_analysis_v1
2019-10-17,category:appliances,appliances,8864,168,34823.38,True,True,rees46_oct_nov_user5_analysis_v1
2019-10-17,category:auto,auto,1267,10,1200.37,True,True,rees46_oct_nov_user5_analysis_v1
2019-10-17,category:computers,computers,4124,55,29148.30,True,True,rees46_oct_nov_user5_analysis_v1
2019-10-17,category:construction,construction,1566,17,1950.47,True,True,rees46_oct_nov_user5_analysis_v1
2019-10-17,category:country_yard,country_yard,22,0,0.00,True,True,rees46_oct_nov_user5_analysis_v1
2019-10-17,category:electronics,electronics,28492,828,363642.79,True,True,rees46_oct_nov_user5_analysis_v1
2019-10-17,category:furniture,furniture,1652,12,2240.34,True,True,rees46_oct_nov_user5_analysis_v1
2019-10-17,category:kids,kids,752,9,917.09,True,True,rees46_oct_nov_user5_analysis_v1
2019-10-17,category:medicine,medicine,35,1,26.26,True,True,rees46_oct_nov_user5_analysis_v1
2019-10-17,category:sport,sport,312,3,558.52,True,True,rees46_oct_nov_user5_analysis_v1
2019-10-17,category:stationery,stationery,3,0,0.00,True,True,rees46_oct_nov_user5_analysis_v1
2019-10-18,bucket:unknown,unknown,22128,304,51554.28,True,True,rees46_oct_nov_user5_analysis_v1
2019-10-18,category:accessories,accessories,420,4,103.35,True,True,rees46_oct_nov_user5_analysis_v1
2019-10-18,category:apparel,apparel,5917,30,2246.52,True,True,rees46_oct_nov_user5_analysis_v1
2019-10-18,category:appliances,appliances,8234,139,29270.71,True,True,rees46_oct_nov_user5_analysis_v1
2019-10-18,category:auto,auto,1127,7,840.87,True,True,rees46_oct_nov_user5_analysis_v1
2019-10-18,category:computers,computers,3781,59,28486.31,True,True,rees46_oct_nov_user5_analysis_v1
2019-10-18,category:construction,construction,970,18,1442.55,True,True,rees46_oct_nov_user5_analysis_v1
2019-10-18,category:country_yard,country_yard,10,0,0.00,True,True,rees46_oct_nov_user5_analysis_v1
2019-10-18,category:electronics,electronics,27967,805,351360.53,True,True,rees46_oct_nov_user5_analysis_v1
2019-10-18,category:furniture,furniture,1505,11,2539.39,True,True,rees46_oct_nov_user5_analysis_v1
2019-10-18,category:kids,kids,961,13,903.62,True,True,rees46_oct_nov_user5_analysis_v1
2019-10-18,category:medicine,medicine,9,0,0.00,True,True,rees46_oct_nov_user5_analysis_v1
2019-10-18,category:sport,sport,324,5,578.32,True,True,rees46_oct_nov_user5_analysis_v1
2019-10-18,category:stationery,stationery,5,0,0.00,True,True,rees46_oct_nov_user5_analysis_v1
2019-10-19,bucket:unknown,unknown,21977,296,50783.05,True,True,rees46_oct_nov_user5_analysis_v1
2019-10-19,category:accessories,accessories,451,0,0.00,True,True,rees46_oct_nov_user5_analysis_v1
2019-10-19,category:apparel,apparel,4546,38,3001.30,True,True,rees46_oct_nov_user5_analysis_v1
2019-10-19,category:appliances,appliances,8169,117,24761.12,True,True,rees46_oct_nov_user5_analysis_v1
2019-10-19,category:auto,auto,1158,10,1508.08,True,True,rees46_oct_nov_user5_analysis_v1
2019-10-19,category:computers,computers,4018,44,21449.15,True,True,rees46_oct_nov_user5_analysis_v1
2019-10-19,category:construction,construction,1192,21,2415.45,True,True,rees46_oct_nov_user5_analysis_v1
2019-10-19,category:country_yard,country_yard,2,0,0.00,True,True,rees46_oct_nov_user5_analysis_v1
2019-10-19,category:electronics,electronics,27956,695,260382.14,True,True,rees46_oct_nov_user5_analysis_v1
2019-10-19,category:furniture,furniture,1604,11,1487.38,True,True,rees46_oct_nov_user5_analysis_v1
2019-10-19,category:kids,kids,1107,8,363.90,True,True,rees46_oct_nov_user5_analysis_v1
2019-10-19,category:medicine,medicine,28,0,0.00,True,True,rees46_oct_nov_user5_analysis_v1
2019-10-19,category:sport,sport,267,3,486.68,True,True,rees46_oct_nov_user5_analysis_v1
2019-10-19,category:stationery,stationery,2,0,0.00,True,True,rees46_oct_nov_user5_analysis_v1
2019-10-20,bucket:unknown,unknown,24006,289,34594.11,True,True,rees46_oct_nov_user5_analysis_v1
2019-10-20,category:accessories,accessories,620,0,0.00,True,True,rees46_oct_nov_user5_analysis_v1
2019-10-20,category:apparel,apparel,3989,19,1405.72,True,True,rees46_oct_nov_user5_analysis_v1
2019-10-20,category:appliances,appliances,9331,148,26595.85,True,True,rees46_oct_nov_user5_analysis_v1
2019-10-20,category:auto,auto,1364,7,849.84,True,True,rees46_oct_nov_user5_analysis_v1
2019-10-20,category:computers,computers,4399,57,34587.75,True,True,rees46_oct_nov_user5_analysis_v1
2019-10-20,category:construction,construction,1387,20,1755.39,True,True,rees46_oct_nov_user5_analysis_v1
2019-10-20,category:country_yard,country_yard,11,0,0.00,True,True,rees46_oct_nov_user5_analysis_v1
2019-10-20,category:electronics,electronics,29360,729,275094.14,True,True,rees46_oct_nov_user5_analysis_v1
2019-10-20,category:furniture,furniture,1666,8,1151.47,True,True,rees46_oct_nov_user5_analysis_v1
2019-10-20,category:kids,kids,798,8,626.53,True,True,rees46_oct_nov_user5_analysis_v1
2019-10-20,category:medicine,medicine,9,0,0.00,True,True,rees46_oct_nov_user5_analysis_v1
2019-10-20,category:sport,sport,415,3,445.81,True,True,rees46_oct_nov_user5_analysis_v1
2019-10-20,category:stationery,stationery,28,2,42.68,True,True,rees46_oct_nov_user5_analysis_v1
2019-10-21,bucket:unknown,unknown,21812,306,32745.92,True,True,rees46_oct_nov_user5_analysis_v1
2019-10-21,category:accessories,accessories,410,6,142.11,True,True,rees46_oct_nov_user5_analysis_v1
2019-10-21,category:apparel,apparel,3594,20,1438.14,True,True,rees46_oct_nov_user5_analysis_v1
2019-10-21,category:appliances,appliances,8599,131,24508.11,True,True,rees46_oct_nov_user5_analysis_v1
2019-10-21,category:auto,auto,1217,10,683.64,True,True,rees46_oct_nov_user5_analysis_v1
2019-10-21,category:computers,computers,4139,53,27332.00,True,True,rees46_oct_nov_user5_analysis_v1
2019-10-21,category:construction,construction,1534,31,3986.70,True,True,rees46_oct_nov_user5_analysis_v1
2019-10-21,category:country_yard,country_yard,6,0,0.00,True,True,rees46_oct_nov_user5_analysis_v1
2019-10-21,category:electronics,electronics,27180,742,292234.92,True,True,rees46_oct_nov_user5_analysis_v1
2019-10-21,category:furniture,furniture,1675,16,1778.78,True,True,rees46_oct_nov_user5_analysis_v1
2019-10-21,category:kids,kids,591,8,766.37,True,True,rees46_oct_nov_user5_analysis_v1
2019-10-21,category:medicine,medicine,19,1,40.90,True,True,rees46_oct_nov_user5_analysis_v1
2019-10-21,category:sport,sport,333,1,195.63,True,True,rees46_oct_nov_user5_analysis_v1
2019-10-21,category:stationery,stationery,12,0,0.00,True,True,rees46_oct_nov_user5_analysis_v1
2019-10-22,bucket:unknown,unknown,21821,279,41198.99,True,True,rees46_oct_nov_user5_analysis_v1
2019-10-22,category:accessories,accessories,292,0,0.00,True,True,rees46_oct_nov_user5_analysis_v1
2019-10-22,category:apparel,apparel,3999,23,1761.18,True,True,rees46_oct_nov_user5_analysis_v1
2019-10-22,category:appliances,appliances,8643,126,18849.68,True,True,rees46_oct_nov_user5_analysis_v1
2019-10-22,category:auto,auto,1521,16,1741.25,True,True,rees46_oct_nov_user5_analysis_v1
2019-10-22,category:computers,computers,3671,51,23118.10,True,True,rees46_oct_nov_user5_analysis_v1
2019-10-22,category:construction,construction,1286,24,3063.08,True,True,rees46_oct_nov_user5_analysis_v1
2019-10-22,category:country_yard,country_yard,8,0,0.00,True,True,rees46_oct_nov_user5_analysis_v1
2019-10-22,category:electronics,electronics,27493,741,322706.85,True,True,rees46_oct_nov_user5_analysis_v1
2019-10-22,category:furniture,furniture,1485,13,1996.82,True,True,rees46_oct_nov_user5_analysis_v1
2019-10-22,category:kids,kids,830,10,1370.26,True,True,rees46_oct_nov_user5_analysis_v1
2019-10-22,category:medicine,medicine,13,0,0.00,True,True,rees46_oct_nov_user5_analysis_v1
2019-10-22,category:sport,sport,217,2,261.27,True,True,rees46_oct_nov_user5_analysis_v1
2019-10-22,category:stationery,stationery,5,0,0.00,True,True,rees46_oct_nov_user5_analysis_v1
2019-10-23,bucket:unknown,unknown,20876,272,39962.05,True,True,rees46_oct_nov_user5_analysis_v1
2019-10-23,category:accessories,accessories,238,1,42.37,True,True,rees46_oct_nov_user5_analysis_v1
2019-10-23,category:apparel,apparel,3470,17,1307.63,True,True,rees46_oct_nov_user5_analysis_v1
2019-10-23,category:appliances,appliances,8014,101,14637.27,True,True,rees46_oct_nov_user5_analysis_v1
2019-10-23,category:auto,auto,1413,22,6073.64,True,True,rees46_oct_nov_user5_analysis_v1
2019-10-23,category:computers,computers,3621,57,28679.89,True,True,rees46_oct_nov_user5_analysis_v1
2019-10-23,category:construction,construction,1103,16,1296.62,True,True,rees46_oct_nov_user5_analysis_v1
2019-10-23,category:country_yard,country_yard,2,0,0.00,True,True,rees46_oct_nov_user5_analysis_v1
2019-10-23,category:electronics,electronics,26418,648,273224.33,True,True,rees46_oct_nov_user5_analysis_v1
2019-10-23,category:furniture,furniture,1781,15,3512.94,True,True,rees46_oct_nov_user5_analysis_v1
2019-10-23,category:kids,kids,923,3,1060.28,True,True,rees46_oct_nov_user5_analysis_v1
2019-10-23,category:medicine,medicine,97,1,40.90,True,True,rees46_oct_nov_user5_analysis_v1
2019-10-23,category:sport,sport,213,1,231.38,True,True,rees46_oct_nov_user5_analysis_v1
2019-10-23,category:stationery,stationery,7,0,0.00,True,True,rees46_oct_nov_user5_analysis_v1
2019-10-24,bucket:unknown,unknown,19621,275,41810.74,True,True,rees46_oct_nov_user5_analysis_v1
2019-10-24,category:accessories,accessories,379,1,9.01,True,True,rees46_oct_nov_user5_analysis_v1
2019-10-24,category:apparel,apparel,2901,17,1717.38,True,True,rees46_oct_nov_user5_analysis_v1
2019-10-24,category:appliances,appliances,7692,85,11037.36,True,True,rees46_oct_nov_user5_analysis_v1
2019-10-24,category:auto,auto,1196,7,659.06,True,True,rees46_oct_nov_user5_analysis_v1
2019-10-24,category:computers,computers,3574,44,18712.07,True,True,rees46_oct_nov_user5_analysis_v1
2019-10-24,category:construction,construction,1404,15,1832.67,True,True,rees46_oct_nov_user5_analysis_v1
2019-10-24,category:country_yard,country_yard,11,0,0.00,True,True,rees46_oct_nov_user5_analysis_v1
2019-10-24,category:electronics,electronics,25093,684,281924.98,True,True,rees46_oct_nov_user5_analysis_v1
2019-10-24,category:furniture,furniture,1462,14,1420.99,True,True,rees46_oct_nov_user5_analysis_v1
2019-10-24,category:kids,kids,846,11,3361.98,True,True,rees46_oct_nov_user5_analysis_v1
2019-10-24,category:medicine,medicine,24,3,136.08,True,True,rees46_oct_nov_user5_analysis_v1
2019-10-24,category:sport,sport,256,2,439.95,True,True,rees46_oct_nov_user5_analysis_v1
2019-10-24,category:stationery,stationery,11,0,0.00,True,True,rees46_oct_nov_user5_analysis_v1
2019-10-25,bucket:unknown,unknown,21465,302,45474.37,True,True,rees46_oct_nov_user5_analysis_v1
2019-10-25,category:accessories,accessories,435,1,14.13,True,True,rees46_oct_nov_user5_analysis_v1
2019-10-25,category:apparel,apparel,2122,7,596.12,True,True,rees46_oct_nov_user5_analysis_v1
2019-10-25,category:appliances,appliances,7724,111,18377.36,True,True,rees46_oct_nov_user5_analysis_v1
2019-10-25,category:auto,auto,1250,14,1832.72,True,True,rees46_oct_nov_user5_analysis_v1
2019-10-25,category:computers,computers,3617,38,14333.89,True,True,rees46_oct_nov_user5_analysis_v1
2019-10-25,category:construction,construction,1377,13,1501.83,True,True,rees46_oct_nov_user5_analysis_v1
2019-10-25,category:country_yard,country_yard,3,0,0.00,True,True,rees46_oct_nov_user5_analysis_v1
2019-10-25,category:electronics,electronics,26936,709,279924.74,True,True,rees46_oct_nov_user5_analysis_v1
2019-10-25,category:furniture,furniture,3782,22,3896.98,True,True,rees46_oct_nov_user5_analysis_v1
2019-10-25,category:kids,kids,1066,6,668.71,True,True,rees46_oct_nov_user5_analysis_v1
2019-10-25,category:medicine,medicine,12,1,40.90,True,True,rees46_oct_nov_user5_analysis_v1
2019-10-25,category:sport,sport,285,4,2171.19,True,True,rees46_oct_nov_user5_analysis_v1
2019-10-25,category:stationery,stationery,33,0,0.00,True,True,rees46_oct_nov_user5_analysis_v1
2019-10-26,bucket:unknown,unknown,19959,262,30437.63,True,True,rees46_oct_nov_user5_analysis_v1
2019-10-26,category:accessories,accessories,336,1,25.71,True,True,rees46_oct_nov_user5_analysis_v1
2019-10-26,category:apparel,apparel,2166,15,1241.20,True,True,rees46_oct_nov_user5_analysis_v1
2019-10-26,category:appliances,appliances,7483,119,24037.66,True,True,rees46_oct_nov_user5_analysis_v1
2019-10-26,category:auto,auto,925,8,874.80,True,True,rees46_oct_nov_user5_analysis_v1
2019-10-26,category:computers,computers,3664,45,24198.16,True,True,rees46_oct_nov_user5_analysis_v1
2019-10-26,category:construction,construction,1073,10,812.48,True,True,rees46_oct_nov_user5_analysis_v1
2019-10-26,category:country_yard,country_yard,13,0,0.00,True,True,rees46_oct_nov_user5_analysis_v1
2019-10-26,category:electronics,electronics,26329,680,264323.54,True,True,rees46_oct_nov_user5_analysis_v1
2019-10-26,category:furniture,furniture,2972,29,7563.40,True,True,rees46_oct_nov_user5_analysis_v1
2019-10-26,category:kids,kids,984,5,440.89,True,True,rees46_oct_nov_user5_analysis_v1
2019-10-26,category:medicine,medicine,7,0,0.00,True,True,rees46_oct_nov_user5_analysis_v1
2019-10-26,category:sport,sport,188,2,352.64,True,True,rees46_oct_nov_user5_analysis_v1
2019-10-26,category:stationery,stationery,5,1,11.07,True,True,rees46_oct_nov_user5_analysis_v1
2019-10-27,bucket:unknown,unknown,21116,239,31310.72,True,True,rees46_oct_nov_user5_analysis_v1
2019-10-27,category:accessories,accessories,319,2,36.50,True,True,rees46_oct_nov_user5_analysis_v1
2019-10-27,category:apparel,apparel,1857,18,1496.53,True,True,rees46_oct_nov_user5_analysis_v1
2019-10-27,category:appliances,appliances,7893,118,20772.15,True,True,rees46_oct_nov_user5_analysis_v1
2019-10-27,category:auto,auto,1070,9,953.09,True,True,rees46_oct_nov_user5_analysis_v1
2019-10-27,category:computers,computers,3786,49,20581.90,True,True,rees46_oct_nov_user5_analysis_v1
2019-10-27,category:construction,construction,995,11,1030.24,True,True,rees46_oct_nov_user5_analysis_v1
2019-10-27,category:country_yard,country_yard,14,0,0.00,True,True,rees46_oct_nov_user5_analysis_v1
2019-10-27,category:electronics,electronics,26594,678,257447.42,True,True,rees46_oct_nov_user5_analysis_v1
2019-10-27,category:furniture,furniture,2461,15,3474.19,True,True,rees46_oct_nov_user5_analysis_v1
2019-10-27,category:kids,kids,817,6,622.39,True,True,rees46_oct_nov_user5_analysis_v1
2019-10-27,category:medicine,medicine,34,2,94.62,True,True,rees46_oct_nov_user5_analysis_v1
2019-10-27,category:sport,sport,304,1,95.24,True,True,rees46_oct_nov_user5_analysis_v1
2019-10-27,category:stationery,stationery,1,0,0.00,True,True,rees46_oct_nov_user5_analysis_v1
2019-10-28,bucket:unknown,unknown,20038,266,35338.17,True,True,rees46_oct_nov_user5_analysis_v1
2019-10-28,category:accessories,accessories,312,1,30.07,True,True,rees46_oct_nov_user5_analysis_v1
2019-10-28,category:apparel,apparel,1787,13,982.53,True,True,rees46_oct_nov_user5_analysis_v1
2019-10-28,category:appliances,appliances,6031,86,13580.16,True,True,rees46_oct_nov_user5_analysis_v1
2019-10-28,category:auto,auto,989,21,2655.96,True,True,rees46_oct_nov_user5_analysis_v1
2019-10-28,category:computers,computers,4063,42,19449.87,True,True,rees46_oct_nov_user5_analysis_v1
2019-10-28,category:construction,construction,872,6,548.57,True,True,rees46_oct_nov_user5_analysis_v1
2019-10-28,category:country_yard,country_yard,15,0,0.00,True,True,rees46_oct_nov_user5_analysis_v1
2019-10-28,category:electronics,electronics,23771,625,251834.53,True,True,rees46_oct_nov_user5_analysis_v1
2019-10-28,category:furniture,furniture,3964,24,5465.86,True,True,rees46_oct_nov_user5_analysis_v1
2019-10-28,category:kids,kids,631,7,1061.85,True,True,rees46_oct_nov_user5_analysis_v1
2019-10-28,category:medicine,medicine,22,2,60.06,True,True,rees46_oct_nov_user5_analysis_v1
2019-10-28,category:sport,sport,154,0,0.00,True,True,rees46_oct_nov_user5_analysis_v1
2019-10-28,category:stationery,stationery,17,0,0.00,True,True,rees46_oct_nov_user5_analysis_v1
2019-10-29,bucket:unknown,unknown,19505,232,28120.63,True,True,rees46_oct_nov_user5_analysis_v1
2019-10-29,category:accessories,accessories,319,0,0.00,True,True,rees46_oct_nov_user5_analysis_v1
2019-10-29,category:apparel,apparel,2007,7,505.03,True,True,rees46_oct_nov_user5_analysis_v1
2019-10-29,category:appliances,appliances,6463,74,16404.98,True,True,rees46_oct_nov_user5_analysis_v1
2019-10-29,category:auto,auto,1259,4,300.49,True,True,rees46_oct_nov_user5_analysis_v1
2019-10-29,category:computers,computers,3557,33,17905.77,True,True,rees46_oct_nov_user5_analysis_v1
2019-10-29,category:construction,construction,846,19,1473.95,True,True,rees46_oct_nov_user5_analysis_v1
2019-10-29,category:country_yard,country_yard,5,0,0.00,True,True,rees46_oct_nov_user5_analysis_v1
2019-10-29,category:electronics,electronics,22748,529,215597.29,True,True,rees46_oct_nov_user5_analysis_v1
2019-10-29,category:furniture,furniture,3490,13,4962.62,True,True,rees46_oct_nov_user5_analysis_v1
2019-10-29,category:kids,kids,824,4,627.19,True,True,rees46_oct_nov_user5_analysis_v1
2019-10-29,category:medicine,medicine,55,0,0.00,True,True,rees46_oct_nov_user5_analysis_v1
2019-10-29,category:sport,sport,210,1,450.46,True,True,rees46_oct_nov_user5_analysis_v1
2019-10-29,category:stationery,stationery,16,1,4.09,True,True,rees46_oct_nov_user5_analysis_v1
2019-10-30,bucket:unknown,unknown,17713,237,33027.09,True,True,rees46_oct_nov_user5_analysis_v1
2019-10-30,category:accessories,accessories,268,0,0.00,True,True,rees46_oct_nov_user5_analysis_v1
2019-10-30,category:apparel,apparel,1640,7,394.09,True,True,rees46_oct_nov_user5_analysis_v1
2019-10-30,category:appliances,appliances,5934,88,14267.41,True,True,rees46_oct_nov_user5_analysis_v1
2019-10-30,category:auto,auto,1069,7,599.71,True,True,rees46_oct_nov_user5_analysis_v1
2019-10-30,category:computers,computers,3971,48,22672.10,True,True,rees46_oct_nov_user5_analysis_v1
2019-10-30,category:construction,construction,846,9,858.30,True,True,rees46_oct_nov_user5_analysis_v1
2019-10-30,category:country_yard,country_yard,6,0,0.00,True,True,rees46_oct_nov_user5_analysis_v1
2019-10-30,category:electronics,electronics,22778,564,222979.09,True,True,rees46_oct_nov_user5_analysis_v1
2019-10-30,category:furniture,furniture,3312,14,2574.13,True,True,rees46_oct_nov_user5_analysis_v1
2019-10-30,category:kids,kids,610,4,282.24,True,True,rees46_oct_nov_user5_analysis_v1
2019-10-30,category:medicine,medicine,27,0,0.00,True,True,rees46_oct_nov_user5_analysis_v1
2019-10-30,category:sport,sport,292,0,0.00,True,True,rees46_oct_nov_user5_analysis_v1
2019-10-30,category:stationery,stationery,19,0,0.00,True,True,rees46_oct_nov_user5_analysis_v1
2019-10-31,bucket:unknown,unknown,19180,213,24636.96,True,True,rees46_oct_nov_user5_analysis_v1
2019-10-31,category:accessories,accessories,373,0,0.00,True,True,rees46_oct_nov_user5_analysis_v1
2019-10-31,category:apparel,apparel,2264,13,987.87,True,True,rees46_oct_nov_user5_analysis_v1
2019-10-31,category:appliances,appliances,7103,100,18034.03,True,True,rees46_oct_nov_user5_analysis_v1
2019-10-31,category:auto,auto,1276,8,928.66,True,True,rees46_oct_nov_user5_analysis_v1
2019-10-31,category:computers,computers,3331,40,19796.70,True,True,rees46_oct_nov_user5_analysis_v1
2019-10-31,category:construction,construction,1095,12,810.01,True,True,rees46_oct_nov_user5_analysis_v1
2019-10-31,category:country_yard,country_yard,8,0,0.00,True,True,rees46_oct_nov_user5_analysis_v1
2019-10-31,category:electronics,electronics,23337,520,209898.48,True,True,rees46_oct_nov_user5_analysis_v1
2019-10-31,category:furniture,furniture,3337,15,3063.57,True,True,rees46_oct_nov_user5_analysis_v1
2019-10-31,category:kids,kids,733,5,459.03,True,True,rees46_oct_nov_user5_analysis_v1
2019-10-31,category:medicine,medicine,38,4,121.41,True,True,rees46_oct_nov_user5_analysis_v1
2019-10-31,category:sport,sport,188,0,0.00,True,True,rees46_oct_nov_user5_analysis_v1
2019-10-31,category:stationery,stationery,12,0,0.00,True,True,rees46_oct_nov_user5_analysis_v1
2019-11-01,bucket:unknown,unknown,22608,267,32997.65,True,True,rees46_oct_nov_user5_analysis_v1
2019-11-01,category:accessories,accessories,355,3,93.22,True,True,rees46_oct_nov_user5_analysis_v1
2019-11-01,category:apparel,apparel,2629,8,765.26,True,True,rees46_oct_nov_user5_analysis_v1
2019-11-01,category:appliances,appliances,7711,101,19894.24,True,True,rees46_oct_nov_user5_analysis_v1
2019-11-01,category:auto,auto,1043,7,870.95,True,True,rees46_oct_nov_user5_analysis_v1
2019-11-01,category:computers,computers,3557,40,15993.69,True,True,rees46_oct_nov_user5_analysis_v1
2019-11-01,category:construction,construction,1187,8,821.15,True,True,rees46_oct_nov_user5_analysis_v1
2019-11-01,category:country_yard,country_yard,11,0,0.00,True,True,rees46_oct_nov_user5_analysis_v1
2019-11-01,category:electronics,electronics,27891,628,261581.25,True,True,rees46_oct_nov_user5_analysis_v1
2019-11-01,category:furniture,furniture,3036,21,3684.38,True,True,rees46_oct_nov_user5_analysis_v1
2019-11-01,category:kids,kids,1243,15,1037.52,True,True,rees46_oct_nov_user5_analysis_v1
2019-11-01,category:medicine,medicine,22,0,0.00,True,True,rees46_oct_nov_user5_analysis_v1
2019-11-01,category:sport,sport,278,0,0.00,True,True,rees46_oct_nov_user5_analysis_v1
2019-11-01,category:stationery,stationery,10,0,0.00,True,True,rees46_oct_nov_user5_analysis_v1
2019-11-02,bucket:unknown,unknown,25264,281,37145.05,True,True,rees46_oct_nov_user5_analysis_v1
2019-11-02,category:accessories,accessories,532,0,0.00,True,True,rees46_oct_nov_user5_analysis_v1
2019-11-02,category:apparel,apparel,2955,15,1246.34,True,True,rees46_oct_nov_user5_analysis_v1
2019-11-02,category:appliances,appliances,8192,83,11953.47,True,True,rees46_oct_nov_user5_analysis_v1
2019-11-02,category:auto,auto,1296,6,769.04,True,True,rees46_oct_nov_user5_analysis_v1
2019-11-02,category:computers,computers,4482,38,20830.42,True,True,rees46_oct_nov_user5_analysis_v1
2019-11-02,category:construction,construction,1214,8,1381.54,True,True,rees46_oct_nov_user5_analysis_v1
2019-11-02,category:country_yard,country_yard,5,1,89.76,True,True,rees46_oct_nov_user5_analysis_v1
2019-11-02,category:electronics,electronics,27744,560,234743.69,True,True,rees46_oct_nov_user5_analysis_v1
2019-11-02,category:furniture,furniture,3439,25,5130.59,True,True,rees46_oct_nov_user5_analysis_v1
2019-11-02,category:kids,kids,1016,8,422.27,True,True,rees46_oct_nov_user5_analysis_v1
2019-11-02,category:medicine,medicine,51,1,40.38,True,True,rees46_oct_nov_user5_analysis_v1
2019-11-02,category:sport,sport,344,2,653.81,True,True,rees46_oct_nov_user5_analysis_v1
2019-11-02,category:stationery,stationery,3,0,0.00,True,True,rees46_oct_nov_user5_analysis_v1
2019-11-03,bucket:unknown,unknown,24025,275,31578.30,True,True,rees46_oct_nov_user5_analysis_v1
2019-11-03,category:accessories,accessories,340,3,141.57,True,True,rees46_oct_nov_user5_analysis_v1
2019-11-03,category:apparel,apparel,3184,12,1147.80,True,True,rees46_oct_nov_user5_analysis_v1
2019-11-03,category:appliances,appliances,8405,86,16190.40,True,True,rees46_oct_nov_user5_analysis_v1
2019-11-03,category:auto,auto,1132,3,516.10,True,True,rees46_oct_nov_user5_analysis_v1
2019-11-03,category:computers,computers,4351,24,10093.71,True,True,rees46_oct_nov_user5_analysis_v1
2019-11-03,category:construction,construction,1045,7,739.89,True,True,rees46_oct_nov_user5_analysis_v1
2019-11-03,category:country_yard,country_yard,10,0,0.00,True,True,rees46_oct_nov_user5_analysis_v1
2019-11-03,category:electronics,electronics,29019,602,254677.91,True,True,rees46_oct_nov_user5_analysis_v1
2019-11-03,category:furniture,furniture,3038,15,3399.95,True,True,rees46_oct_nov_user5_analysis_v1
2019-11-03,category:kids,kids,910,10,568.45,True,True,rees46_oct_nov_user5_analysis_v1
2019-11-03,category:medicine,medicine,42,1,47.08,True,True,rees46_oct_nov_user5_analysis_v1
2019-11-03,category:sport,sport,257,0,0.00,True,True,rees46_oct_nov_user5_analysis_v1
2019-11-03,category:stationery,stationery,23,1,4.09,True,True,rees46_oct_nov_user5_analysis_v1
2019-11-04,bucket:unknown,unknown,30208,428,46530.15,True,True,rees46_oct_nov_user5_analysis_v1
2019-11-04,category:accessories,accessories,348,1,35.78,True,True,rees46_oct_nov_user5_analysis_v1
2019-11-04,category:apparel,apparel,4098,14,1231.66,True,True,rees46_oct_nov_user5_analysis_v1
2019-11-04,category:appliances,appliances,10248,137,29098.96,True,True,rees46_oct_nov_user5_analysis_v1
2019-11-04,category:auto,auto,1530,7,764.76,True,True,rees46_oct_nov_user5_analysis_v1
2019-11-04,category:computers,computers,4982,36,14925.85,True,True,rees46_oct_nov_user5_analysis_v1
2019-11-04,category:construction,construction,1505,12,972.56,True,True,rees46_oct_nov_user5_analysis_v1
2019-11-04,category:country_yard,country_yard,15,0,0.00,True,True,rees46_oct_nov_user5_analysis_v1
2019-11-04,category:electronics,electronics,32038,756,327136.61,True,True,rees46_oct_nov_user5_analysis_v1
2019-11-04,category:furniture,furniture,2677,7,1238.84,True,True,rees46_oct_nov_user5_analysis_v1
2019-11-04,category:kids,kids,920,13,610.50,True,True,rees46_oct_nov_user5_analysis_v1
2019-11-04,category:medicine,medicine,52,1,67.41,True,True,rees46_oct_nov_user5_analysis_v1
2019-11-04,category:sport,sport,284,1,210.82,True,True,rees46_oct_nov_user5_analysis_v1
2019-11-04,category:stationery,stationery,5,0,0.00,True,True,rees46_oct_nov_user5_analysis_v1
2019-11-05,bucket:unknown,unknown,29189,389,40637.08,True,True,rees46_oct_nov_user5_analysis_v1
2019-11-05,category:accessories,accessories,436,0,0.00,True,True,rees46_oct_nov_user5_analysis_v1
2019-11-05,category:apparel,apparel,4166,17,1319.97,True,True,rees46_oct_nov_user5_analysis_v1
2019-11-05,category:appliances,appliances,9974,80,12697.66,True,True,rees46_oct_nov_user5_analysis_v1
2019-11-05,category:auto,auto,1664,9,709.78,True,True,rees46_oct_nov_user5_analysis_v1
2019-11-05,category:computers,computers,4724,57,21467.99,True,True,rees46_oct_nov_user5_analysis_v1
2019-11-05,category:construction,construction,1445,14,2095.32,True,True,rees46_oct_nov_user5_analysis_v1
2019-11-05,category:country_yard,country_yard,29,0,0.00,True,True,rees46_oct_nov_user5_analysis_v1
2019-11-05,category:electronics,electronics,30203,640,305360.08,True,True,rees46_oct_nov_user5_analysis_v1
2019-11-05,category:furniture,furniture,2343,10,1350.09,True,True,rees46_oct_nov_user5_analysis_v1
2019-11-05,category:kids,kids,1041,5,1050.13,True,True,rees46_oct_nov_user5_analysis_v1
2019-11-05,category:medicine,medicine,21,0,0.00,True,True,rees46_oct_nov_user5_analysis_v1
2019-11-05,category:sport,sport,286,2,318.34,True,True,rees46_oct_nov_user5_analysis_v1
2019-11-05,category:stationery,stationery,7,0,0.00,True,True,rees46_oct_nov_user5_analysis_v1
2019-11-06,bucket:unknown,unknown,27616,356,35438.36,True,True,rees46_oct_nov_user5_analysis_v1
2019-11-06,category:accessories,accessories,513,2,81.85,True,True,rees46_oct_nov_user5_analysis_v1
2019-11-06,category:apparel,apparel,4559,21,1881.71,True,True,rees46_oct_nov_user5_analysis_v1
2019-11-06,category:appliances,appliances,9407,93,14865.09,True,True,rees46_oct_nov_user5_analysis_v1
2019-11-06,category:auto,auto,1733,16,1626.23,True,True,rees46_oct_nov_user5_analysis_v1
2019-11-06,category:computers,computers,4815,38,21498.86,True,True,rees46_oct_nov_user5_analysis_v1
2019-11-06,category:construction,construction,1103,14,1731.35,True,True,rees46_oct_nov_user5_analysis_v1
2019-11-06,category:country_yard,country_yard,36,0,0.00,True,True,rees46_oct_nov_user5_analysis_v1
2019-11-06,category:electronics,electronics,30304,737,314295.07,True,True,rees46_oct_nov_user5_analysis_v1
2019-11-06,category:furniture,furniture,2537,9,3658.09,True,True,rees46_oct_nov_user5_analysis_v1
2019-11-06,category:kids,kids,848,9,456.15,True,True,rees46_oct_nov_user5_analysis_v1
2019-11-06,category:medicine,medicine,5,0,0.00,True,True,rees46_oct_nov_user5_analysis_v1
2019-11-06,category:sport,sport,224,3,527.41,True,True,rees46_oct_nov_user5_analysis_v1
2019-11-06,category:stationery,stationery,17,2,13.33,True,True,rees46_oct_nov_user5_analysis_v1
2019-11-07,bucket:unknown,unknown,29660,388,45157.34,True,True,rees46_oct_nov_user5_analysis_v1
2019-11-07,category:accessories,accessories,523,0,0.00,True,True,rees46_oct_nov_user5_analysis_v1
2019-11-07,category:apparel,apparel,5644,30,2473.87,True,True,rees46_oct_nov_user5_analysis_v1
2019-11-07,category:appliances,appliances,9551,118,19302.30,True,True,rees46_oct_nov_user5_analysis_v1
2019-11-07,category:auto,auto,1531,12,1253.33,True,True,rees46_oct_nov_user5_analysis_v1
2019-11-07,category:computers,computers,5011,35,20864.15,True,True,rees46_oct_nov_user5_analysis_v1
2019-11-07,category:construction,construction,1340,6,564.14,True,True,rees46_oct_nov_user5_analysis_v1
2019-11-07,category:country_yard,country_yard,6,0,0.00,True,True,rees46_oct_nov_user5_analysis_v1
2019-11-07,category:electronics,electronics,33104,667,273008.53,True,True,rees46_oct_nov_user5_analysis_v1
2019-11-07,category:furniture,furniture,2676,17,4218.57,True,True,rees46_oct_nov_user5_analysis_v1
2019-11-07,category:kids,kids,837,7,343.65,True,True,rees46_oct_nov_user5_analysis_v1
2019-11-07,category:medicine,medicine,48,0,0.00,True,True,rees46_oct_nov_user5_analysis_v1
2019-11-07,category:sport,sport,362,3,299.57,True,True,rees46_oct_nov_user5_analysis_v1
2019-11-07,category:stationery,stationery,10,0,0.00,True,True,rees46_oct_nov_user5_analysis_v1
2019-11-08,bucket:unknown,unknown,30634,338,45189.14,True,True,rees46_oct_nov_user5_analysis_v1
2019-11-08,category:accessories,accessories,562,5,164.44,True,True,rees46_oct_nov_user5_analysis_v1
2019-11-08,category:apparel,apparel,3857,12,896.55,True,True,rees46_oct_nov_user5_analysis_v1
2019-11-08,category:appliances,appliances,11088,128,24690.94,True,True,rees46_oct_nov_user5_analysis_v1
2019-11-08,category:auto,auto,1387,14,1411.60,True,True,rees46_oct_nov_user5_analysis_v1
2019-11-08,category:computers,computers,5609,51,19322.34,True,True,rees46_oct_nov_user5_analysis_v1
2019-11-08,category:construction,construction,1646,19,1804.13,True,True,rees46_oct_nov_user5_analysis_v1
2019-11-08,category:country_yard,country_yard,8,0,0.00,True,True,rees46_oct_nov_user5_analysis_v1
2019-11-08,category:electronics,electronics,34155,728,308172.45,True,True,rees46_oct_nov_user5_analysis_v1
2019-11-08,category:furniture,furniture,3604,16,3580.54,True,True,rees46_oct_nov_user5_analysis_v1
2019-11-08,category:kids,kids,938,3,106.80,True,True,rees46_oct_nov_user5_analysis_v1
2019-11-08,category:medicine,medicine,30,0,0.00,True,True,rees46_oct_nov_user5_analysis_v1
2019-11-08,category:sport,sport,425,3,605.13,True,True,rees46_oct_nov_user5_analysis_v1
2019-11-08,category:stationery,stationery,10,0,0.00,True,True,rees46_oct_nov_user5_analysis_v1
2019-11-09,bucket:unknown,unknown,29203,260,30678.03,True,True,rees46_oct_nov_user5_analysis_v1
2019-11-09,category:accessories,accessories,488,1,41.19,True,True,rees46_oct_nov_user5_analysis_v1
2019-11-09,category:apparel,apparel,5195,14,1311.99,True,True,rees46_oct_nov_user5_analysis_v1
2019-11-09,category:appliances,appliances,10995,118,18294.64,True,True,rees46_oct_nov_user5_analysis_v1
2019-11-09,category:auto,auto,1510,14,1556.12,True,True,rees46_oct_nov_user5_analysis_v1
2019-11-09,category:computers,computers,5833,23,11113.06,True,True,rees46_oct_nov_user5_analysis_v1
2019-11-09,category:construction,construction,1598,6,1144.06,True,True,rees46_oct_nov_user5_analysis_v1
2019-11-09,category:country_yard,country_yard,20,0,0.00,True,True,rees46_oct_nov_user5_analysis_v1
2019-11-09,category:electronics,electronics,33748,648,241362.14,True,True,rees46_oct_nov_user5_analysis_v1
2019-11-09,category:furniture,furniture,3055,16,5664.10,True,True,rees46_oct_nov_user5_analysis_v1
2019-11-09,category:kids,kids,877,6,286.69,True,True,rees46_oct_nov_user5_analysis_v1
2019-11-09,category:medicine,medicine,11,0,0.00,True,True,rees46_oct_nov_user5_analysis_v1
2019-11-09,category:sport,sport,390,2,233.98,True,True,rees46_oct_nov_user5_analysis_v1
2019-11-09,category:stationery,stationery,21,2,16.19,True,True,rees46_oct_nov_user5_analysis_v1
2019-11-10,bucket:unknown,unknown,30369,316,36680.61,True,True,rees46_oct_nov_user5_analysis_v1
2019-11-10,category:accessories,accessories,547,1,16.47,True,True,rees46_oct_nov_user5_analysis_v1
2019-11-10,category:apparel,apparel,4003,15,1369.39,True,True,rees46_oct_nov_user5_analysis_v1
2019-11-10,category:appliances,appliances,10316,104,18818.23,True,True,rees46_oct_nov_user5_analysis_v1
2019-11-10,category:auto,auto,1771,20,2590.81,True,True,rees46_oct_nov_user5_analysis_v1
2019-11-10,category:computers,computers,6180,59,16109.44,True,True,rees46_oct_nov_user5_analysis_v1
2019-11-10,category:construction,construction,1472,6,946.30,True,True,rees46_oct_nov_user5_analysis_v1
2019-11-10,category:country_yard,country_yard,8,0,0.00,True,True,rees46_oct_nov_user5_analysis_v1
2019-11-10,category:electronics,electronics,33453,555,217968.57,True,True,rees46_oct_nov_user5_analysis_v1
2019-11-10,category:furniture,furniture,3063,12,1081.26,True,True,rees46_oct_nov_user5_analysis_v1
2019-11-10,category:kids,kids,1023,4,228.48,True,True,rees46_oct_nov_user5_analysis_v1
2019-11-10,category:medicine,medicine,25,0,0.00,True,True,rees46_oct_nov_user5_analysis_v1
2019-11-10,category:sport,sport,553,2,617.27,True,True,rees46_oct_nov_user5_analysis_v1
2019-11-10,category:stationery,stationery,23,1,6.41,True,True,rees46_oct_nov_user5_analysis_v1
2019-11-11,bucket:unknown,unknown,31726,308,33563.40,True,True,rees46_oct_nov_user5_analysis_v1
2019-11-11,category:accessories,accessories,605,5,459.70,True,True,rees46_oct_nov_user5_analysis_v1
2019-11-11,category:apparel,apparel,4729,23,1781.20,True,True,rees46_oct_nov_user5_analysis_v1
2019-11-11,category:appliances,appliances,12085,93,15586.62,True,True,rees46_oct_nov_user5_analysis_v1
2019-11-11,category:auto,auto,2006,14,1464.72,True,True,rees46_oct_nov_user5_analysis_v1
2019-11-11,category:computers,computers,6610,47,16481.69,True,True,rees46_oct_nov_user5_analysis_v1
2019-11-11,category:construction,construction,1118,6,1187.17,True,True,rees46_oct_nov_user5_analysis_v1
2019-11-11,category:country_yard,country_yard,33,0,0.00,True,True,rees46_oct_nov_user5_analysis_v1
2019-11-11,category:electronics,electronics,35286,700,267450.13,True,True,rees46_oct_nov_user5_analysis_v1
2019-11-11,category:furniture,furniture,2794,13,1947.75,True,True,rees46_oct_nov_user5_analysis_v1
2019-11-11,category:kids,kids,1128,8,1460.05,True,True,rees46_oct_nov_user5_analysis_v1
2019-11-11,category:medicine,medicine,24,1,91.51,True,True,rees46_oct_nov_user5_analysis_v1
2019-11-11,category:sport,sport,341,3,701.74,True,True,rees46_oct_nov_user5_analysis_v1
2019-11-11,category:stationery,stationery,19,0,0.00,True,True,rees46_oct_nov_user5_analysis_v1
2019-11-12,bucket:unknown,unknown,30037,277,31788.58,True,True,rees46_oct_nov_user5_analysis_v1
2019-11-12,category:accessories,accessories,551,0,0.00,True,True,rees46_oct_nov_user5_analysis_v1
2019-11-12,category:apparel,apparel,4990,18,1418.33,True,True,rees46_oct_nov_user5_analysis_v1
2019-11-12,category:appliances,appliances,10689,87,13838.24,True,True,rees46_oct_nov_user5_analysis_v1
2019-11-12,category:auto,auto,1641,13,1743.08,True,True,rees46_oct_nov_user5_analysis_v1
2019-11-12,category:computers,computers,6607,34,18485.97,True,True,rees46_oct_nov_user5_analysis_v1
2019-11-12,category:construction,construction,1418,7,805.78,True,True,rees46_oct_nov_user5_analysis_v1
2019-11-12,category:country_yard,country_yard,14,0,0.00,True,True,rees46_oct_nov_user5_analysis_v1
2019-11-12,category:electronics,electronics,33998,609,255668.48,True,True,rees46_oct_nov_user5_analysis_v1
2019-11-12,category:furniture,furniture,3408,14,2772.89,True,True,rees46_oct_nov_user5_analysis_v1
2019-11-12,category:kids,kids,1255,12,3525.97,True,True,rees46_oct_nov_user5_analysis_v1
2019-11-12,category:medicine,medicine,23,0,0.00,True,True,rees46_oct_nov_user5_analysis_v1
2019-11-12,category:sport,sport,272,1,383.53,True,True,rees46_oct_nov_user5_analysis_v1
2019-11-12,category:stationery,stationery,47,0,0.00,True,True,rees46_oct_nov_user5_analysis_v1
2019-11-13,bucket:unknown,unknown,30692,241,28126.67,True,True,rees46_oct_nov_user5_analysis_v1
2019-11-13,category:accessories,accessories,757,5,171.62,True,True,rees46_oct_nov_user5_analysis_v1
2019-11-13,category:apparel,apparel,4156,15,1272.87,True,True,rees46_oct_nov_user5_analysis_v1
2019-11-13,category:appliances,appliances,11655,104,19521.04,True,True,rees46_oct_nov_user5_analysis_v1
2019-11-13,category:auto,auto,1723,11,1215.85,True,True,rees46_oct_nov_user5_analysis_v1
2019-11-13,category:computers,computers,7498,33,16975.12,True,True,rees46_oct_nov_user5_analysis_v1
2019-11-13,category:construction,construction,1562,8,1144.62,True,True,rees46_oct_nov_user5_analysis_v1
2019-11-13,category:country_yard,country_yard,12,0,0.00,True,True,rees46_oct_nov_user5_analysis_v1
2019-11-13,category:electronics,electronics,37846,685,263989.74,True,True,rees46_oct_nov_user5_analysis_v1
2019-11-13,category:furniture,furniture,3072,18,5048.48,True,True,rees46_oct_nov_user5_analysis_v1
2019-11-13,category:kids,kids,1159,10,580.94,True,True,rees46_oct_nov_user5_analysis_v1
2019-11-13,category:medicine,medicine,22,0,0.00,True,True,rees46_oct_nov_user5_analysis_v1
2019-11-13,category:sport,sport,391,1,229.09,True,True,rees46_oct_nov_user5_analysis_v1
2019-11-13,category:stationery,stationery,24,0,0.00,True,True,rees46_oct_nov_user5_analysis_v1
2019-11-14,bucket:unknown,unknown,44752,269,42457.03,True,True,rees46_oct_nov_user5_analysis_v1
2019-11-14,category:accessories,accessories,817,7,148.45,True,True,rees46_oct_nov_user5_analysis_v1
2019-11-14,category:apparel,apparel,6565,11,747.49,True,True,rees46_oct_nov_user5_analysis_v1
2019-11-14,category:appliances,appliances,20136,89,14660.80,True,True,rees46_oct_nov_user5_analysis_v1
2019-11-14,category:auto,auto,2316,10,1888.03,True,True,rees46_oct_nov_user5_analysis_v1
2019-11-14,category:computers,computers,10725,27,14135.85,True,True,rees46_oct_nov_user5_analysis_v1
2019-11-14,category:construction,construction,2495,9,1436.04,True,True,rees46_oct_nov_user5_analysis_v1
2019-11-14,category:country_yard,country_yard,18,0,0.00,True,True,rees46_oct_nov_user5_analysis_v1
2019-11-14,category:electronics,electronics,58447,700,258509.22,True,True,rees46_oct_nov_user5_analysis_v1
2019-11-14,category:furniture,furniture,4636,11,2520.20,True,True,rees46_oct_nov_user5_analysis_v1
2019-11-14,category:kids,kids,1302,10,557.77,True,True,rees46_oct_nov_user5_analysis_v1
2019-11-14,category:medicine,medicine,58,0,0.00,True,True,rees46_oct_nov_user5_analysis_v1
2019-11-14,category:sport,sport,625,0,0.00,True,True,rees46_oct_nov_user5_analysis_v1
2019-11-14,category:stationery,stationery,32,0,0.00,True,True,rees46_oct_nov_user5_analysis_v1
2019-11-15,bucket:unknown,unknown,97066,0,0.00,True,True,rees46_oct_nov_user5_analysis_v1
2019-11-15,category:accessories,accessories,1497,0,0.00,True,True,rees46_oct_nov_user5_analysis_v1
2019-11-15,category:apparel,apparel,12709,0,0.00,True,True,rees46_oct_nov_user5_analysis_v1
2019-11-15,category:appliances,appliances,47445,0,0.00,True,True,rees46_oct_nov_user5_analysis_v1
2019-11-15,category:auto,auto,4875,0,0.00,True,True,rees46_oct_nov_user5_analysis_v1
2019-11-15,category:computers,computers,20162,0,0.00,True,True,rees46_oct_nov_user5_analysis_v1
2019-11-15,category:construction,construction,5060,0,0.00,True,True,rees46_oct_nov_user5_analysis_v1
2019-11-15,category:country_yard,country_yard,63,0,0.00,True,True,rees46_oct_nov_user5_analysis_v1
2019-11-15,category:electronics,electronics,106686,0,0.00,True,True,rees46_oct_nov_user5_analysis_v1
2019-11-15,category:furniture,furniture,11705,0,0.00,True,True,rees46_oct_nov_user5_analysis_v1
2019-11-15,category:kids,kids,2415,0,0.00,True,True,rees46_oct_nov_user5_analysis_v1
2019-11-15,category:medicine,medicine,87,0,0.00,True,True,rees46_oct_nov_user5_analysis_v1
2019-11-15,category:sport,sport,1117,0,0.00,True,True,rees46_oct_nov_user5_analysis_v1
2019-11-15,category:stationery,stationery,29,0,0.00,True,True,rees46_oct_nov_user5_analysis_v1
2019-11-16,bucket:unknown,unknown,97398,726,134801.37,True,True,rees46_oct_nov_user5_analysis_v1
2019-11-16,category:accessories,accessories,2159,9,468.68,True,True,rees46_oct_nov_user5_analysis_v1
2019-11-16,category:apparel,apparel,16630,71,6373.95,True,True,rees46_oct_nov_user5_analysis_v1
2019-11-16,category:appliances,appliances,49442,479,101476.24,True,True,rees46_oct_nov_user5_analysis_v1
2019-11-16,category:auto,auto,4907,46,7223.61,True,True,rees46_oct_nov_user5_analysis_v1
2019-11-16,category:computers,computers,21488,171,80231.39,True,True,rees46_oct_nov_user5_analysis_v1
2019-11-16,category:construction,construction,5256,24,3104.95,True,True,rees46_oct_nov_user5_analysis_v1
2019-11-16,category:country_yard,country_yard,58,1,291.91,True,True,rees46_oct_nov_user5_analysis_v1
2019-11-16,category:electronics,electronics,107699,1764,794879.85,True,True,rees46_oct_nov_user5_analysis_v1
2019-11-16,category:furniture,furniture,12442,47,11584.55,True,True,rees46_oct_nov_user5_analysis_v1
2019-11-16,category:kids,kids,3378,24,2666.84,True,True,rees46_oct_nov_user5_analysis_v1
2019-11-16,category:medicine,medicine,77,2,128.85,True,True,rees46_oct_nov_user5_analysis_v1
2019-11-16,category:sport,sport,1473,8,1680.34,True,True,rees46_oct_nov_user5_analysis_v1
2019-11-16,category:stationery,stationery,56,0,0.00,True,True,rees46_oct_nov_user5_analysis_v1
2019-11-17,bucket:unknown,unknown,98852,2111,302004.30,True,True,rees46_oct_nov_user5_analysis_v1
2019-11-17,category:accessories,accessories,1884,29,2189.98,True,True,rees46_oct_nov_user5_analysis_v1
2019-11-17,category:apparel,apparel,15807,140,11981.67,True,True,rees46_oct_nov_user5_analysis_v1
2019-11-17,category:appliances,appliances,52313,1459,305399.72,True,True,rees46_oct_nov_user5_analysis_v1
2019-11-17,category:auto,auto,5326,142,20078.84,True,True,rees46_oct_nov_user5_analysis_v1
2019-11-17,category:computers,computers,18929,381,178328.92,True,True,rees46_oct_nov_user5_analysis_v1
2019-11-17,category:construction,construction,5664,116,17983.44,True,True,rees46_oct_nov_user5_analysis_v1
2019-11-17,category:country_yard,country_yard,83,2,476.94,True,True,rees46_oct_nov_user5_analysis_v1
2019-11-17,category:electronics,electronics,102298,4500,2002261.56,True,True,rees46_oct_nov_user5_analysis_v1
2019-11-17,category:furniture,furniture,12015,171,37886.75,True,True,rees46_oct_nov_user5_analysis_v1
2019-11-17,category:kids,kids,3832,71,10603.31,True,True,rees46_oct_nov_user5_analysis_v1
2019-11-17,category:medicine,medicine,83,3,181.52,True,True,rees46_oct_nov_user5_analysis_v1
2019-11-17,category:sport,sport,1274,12,3080.55,True,True,rees46_oct_nov_user5_analysis_v1
2019-11-17,category:stationery,stationery,38,1,24.97,True,True,rees46_oct_nov_user5_analysis_v1
2019-11-18,bucket:unknown,unknown,33724,352,44922.84,True,True,rees46_oct_nov_user5_analysis_v1
2019-11-18,category:accessories,accessories,692,6,188.66,True,True,rees46_oct_nov_user5_analysis_v1
2019-11-18,category:apparel,apparel,4175,26,1904.79,True,True,rees46_oct_nov_user5_analysis_v1
2019-11-18,category:appliances,appliances,10888,133,21434.64,True,True,rees46_oct_nov_user5_analysis_v1
2019-11-18,category:auto,auto,1582,6,789.94,True,True,rees46_oct_nov_user5_analysis_v1
2019-11-18,category:computers,computers,5961,29,14391.95,True,True,rees46_oct_nov_user5_analysis_v1
2019-11-18,category:construction,construction,1732,21,2930.92,True,True,rees46_oct_nov_user5_analysis_v1
2019-11-18,category:country_yard,country_yard,23,0,0.00,True,True,rees46_oct_nov_user5_analysis_v1
2019-11-18,category:electronics,electronics,36552,847,348297.55,True,True,rees46_oct_nov_user5_analysis_v1
2019-11-18,category:furniture,furniture,2539,10,1797.45,True,True,rees46_oct_nov_user5_analysis_v1
2019-11-18,category:kids,kids,1437,13,1380.31,True,True,rees46_oct_nov_user5_analysis_v1
2019-11-18,category:medicine,medicine,27,3,119.10,True,True,rees46_oct_nov_user5_analysis_v1
2019-11-18,category:sport,sport,397,2,349.56,True,True,rees46_oct_nov_user5_analysis_v1
2019-11-18,category:stationery,stationery,6,0,0.00,True,True,rees46_oct_nov_user5_analysis_v1
2019-11-19,bucket:unknown,unknown,29915,300,50504.98,True,True,rees46_oct_nov_user5_analysis_v1
2019-11-19,category:accessories,accessories,540,2,96.80,True,True,rees46_oct_nov_user5_analysis_v1
2019-11-19,category:apparel,apparel,4091,29,1999.77,True,True,rees46_oct_nov_user5_analysis_v1
2019-11-19,category:appliances,appliances,8936,117,16012.61,True,True,rees46_oct_nov_user5_analysis_v1
2019-11-19,category:auto,auto,1643,12,1314.53,True,True,rees46_oct_nov_user5_analysis_v1
2019-11-19,category:computers,computers,4773,24,12672.58,True,True,rees46_oct_nov_user5_analysis_v1
2019-11-19,category:construction,construction,1612,15,1087.73,True,True,rees46_oct_nov_user5_analysis_v1
2019-11-19,category:country_yard,country_yard,26,0,0.00,True,True,rees46_oct_nov_user5_analysis_v1
2019-11-19,category:electronics,electronics,33695,798,318740.05,True,True,rees46_oct_nov_user5_analysis_v1
2019-11-19,category:furniture,furniture,2268,13,2384.88,True,True,rees46_oct_nov_user5_analysis_v1
2019-11-19,category:kids,kids,974,6,436.60,True,True,rees46_oct_nov_user5_analysis_v1
2019-11-19,category:medicine,medicine,18,0,0.00,True,True,rees46_oct_nov_user5_analysis_v1
2019-11-19,category:sport,sport,242,0,0.00,True,True,rees46_oct_nov_user5_analysis_v1
2019-11-19,category:stationery,stationery,18,1,13.36,True,True,rees46_oct_nov_user5_analysis_v1
2019-11-20,bucket:unknown,unknown,29230,325,42449.48,True,True,rees46_oct_nov_user5_analysis_v1
2019-11-20,category:accessories,accessories,517,3,143.10,True,True,rees46_oct_nov_user5_analysis_v1
2019-11-20,category:apparel,apparel,3758,28,2074.75,True,True,rees46_oct_nov_user5_analysis_v1
2019-11-20,category:appliances,appliances,8261,99,17587.35,True,True,rees46_oct_nov_user5_analysis_v1
2019-11-20,category:auto,auto,1552,20,3037.24,True,True,rees46_oct_nov_user5_analysis_v1
2019-11-20,category:computers,computers,4643,48,27003.65,True,True,rees46_oct_nov_user5_analysis_v1
2019-11-20,category:construction,construction,1431,14,2095.24,True,True,rees46_oct_nov_user5_analysis_v1
2019-11-20,category:country_yard,country_yard,21,0,0.00,True,True,rees46_oct_nov_user5_analysis_v1
2019-11-20,category:electronics,electronics,29253,635,237839.38,True,True,rees46_oct_nov_user5_analysis_v1
2019-11-20,category:furniture,furniture,1807,14,2177.48,True,True,rees46_oct_nov_user5_analysis_v1
2019-11-20,category:kids,kids,1296,9,444.32,True,True,rees46_oct_nov_user5_analysis_v1
2019-11-20,category:medicine,medicine,46,1,27.00,True,True,rees46_oct_nov_user5_analysis_v1
2019-11-20,category:sport,sport,213,0,0.00,True,True,rees46_oct_nov_user5_analysis_v1
2019-11-20,category:stationery,stationery,14,0,0.00,True,True,rees46_oct_nov_user5_analysis_v1
2019-11-21,bucket:unknown,unknown,30466,335,35030.68,True,True,rees46_oct_nov_user5_analysis_v1
2019-11-21,category:accessories,accessories,394,1,38.35,True,True,rees46_oct_nov_user5_analysis_v1
2019-11-21,category:apparel,apparel,3994,17,1314.07,True,True,rees46_oct_nov_user5_analysis_v1
2019-11-21,category:appliances,appliances,9240,107,16893.37,True,True,rees46_oct_nov_user5_analysis_v1
2019-11-21,category:auto,auto,1446,11,1477.72,True,True,rees46_oct_nov_user5_analysis_v1
2019-11-21,category:computers,computers,5132,46,19547.88,True,True,rees46_oct_nov_user5_analysis_v1
2019-11-21,category:construction,construction,1787,10,3439.42,True,True,rees46_oct_nov_user5_analysis_v1
2019-11-21,category:country_yard,country_yard,8,0,0.00,True,True,rees46_oct_nov_user5_analysis_v1
2019-11-21,category:electronics,electronics,30366,710,271916.14,True,True,rees46_oct_nov_user5_analysis_v1
2019-11-21,category:furniture,furniture,1975,15,2161.49,True,True,rees46_oct_nov_user5_analysis_v1
2019-11-21,category:kids,kids,1521,12,1073.09,True,True,rees46_oct_nov_user5_analysis_v1
2019-11-21,category:medicine,medicine,72,0,0.00,True,True,rees46_oct_nov_user5_analysis_v1
2019-11-21,category:sport,sport,325,1,103.45,True,True,rees46_oct_nov_user5_analysis_v1
2019-11-21,category:stationery,stationery,5,0,0.00,True,True,rees46_oct_nov_user5_analysis_v1
2019-11-22,bucket:unknown,unknown,27130,351,47763.98,True,True,rees46_oct_nov_user5_analysis_v1
2019-11-22,category:accessories,accessories,360,2,66.90,True,True,rees46_oct_nov_user5_analysis_v1
2019-11-22,category:apparel,apparel,3372,25,2039.94,True,True,rees46_oct_nov_user5_analysis_v1
2019-11-22,category:appliances,appliances,8078,92,13473.11,True,True,rees46_oct_nov_user5_analysis_v1
2019-11-22,category:auto,auto,1419,9,1292.70,True,True,rees46_oct_nov_user5_analysis_v1
2019-11-22,category:computers,computers,4453,39,17826.32,True,True,rees46_oct_nov_user5_analysis_v1
2019-11-22,category:construction,construction,1295,6,514.56,True,True,rees46_oct_nov_user5_analysis_v1
2019-11-22,category:country_yard,country_yard,5,0,0.00,True,True,rees46_oct_nov_user5_analysis_v1
2019-11-22,category:electronics,electronics,27858,615,255915.18,True,True,rees46_oct_nov_user5_analysis_v1
2019-11-22,category:furniture,furniture,1802,15,4118.97,True,True,rees46_oct_nov_user5_analysis_v1
2019-11-22,category:kids,kids,931,9,696.52,True,True,rees46_oct_nov_user5_analysis_v1
2019-11-22,category:medicine,medicine,30,0,0.00,True,True,rees46_oct_nov_user5_analysis_v1
2019-11-22,category:sport,sport,290,3,349.76,True,True,rees46_oct_nov_user5_analysis_v1
2019-11-22,category:stationery,stationery,23,0,0.00,True,True,rees46_oct_nov_user5_analysis_v1
2019-11-23,bucket:unknown,unknown,24931,261,33750.65,True,True,rees46_oct_nov_user5_analysis_v1
2019-11-23,category:accessories,accessories,586,5,229.28,True,True,rees46_oct_nov_user5_analysis_v1
2019-11-23,category:apparel,apparel,2984,11,855.87,True,True,rees46_oct_nov_user5_analysis_v1
2019-11-23,category:appliances,appliances,9222,114,23914.92,True,True,rees46_oct_nov_user5_analysis_v1
2019-11-23,category:auto,auto,1273,16,1464.82,True,True,rees46_oct_nov_user5_analysis_v1
2019-11-23,category:computers,computers,4801,37,13635.36,True,True,rees46_oct_nov_user5_analysis_v1
2019-11-23,category:construction,construction,1319,11,847.31,True,True,rees46_oct_nov_user5_analysis_v1
2019-11-23,category:country_yard,country_yard,11,0,0.00,True,True,rees46_oct_nov_user5_analysis_v1
2019-11-23,category:electronics,electronics,29458,663,256942.06,True,True,rees46_oct_nov_user5_analysis_v1
2019-11-23,category:furniture,furniture,1868,12,1464.32,True,True,rees46_oct_nov_user5_analysis_v1
2019-11-23,category:kids,kids,1036,10,968.29,True,True,rees46_oct_nov_user5_analysis_v1
2019-11-23,category:medicine,medicine,24,0,0.00,True,True,rees46_oct_nov_user5_analysis_v1
2019-11-23,category:sport,sport,264,0,0.00,True,True,rees46_oct_nov_user5_analysis_v1
2019-11-23,category:stationery,stationery,2,0,0.00,True,True,rees46_oct_nov_user5_analysis_v1
2019-11-24,bucket:unknown,unknown,26032,272,33036.83,True,True,rees46_oct_nov_user5_analysis_v1
2019-11-24,category:accessories,accessories,390,4,95.44,True,True,rees46_oct_nov_user5_analysis_v1
2019-11-24,category:apparel,apparel,3068,28,2173.82,True,True,rees46_oct_nov_user5_analysis_v1
2019-11-24,category:appliances,appliances,8496,102,21349.99,True,True,rees46_oct_nov_user5_analysis_v1
2019-11-24,category:auto,auto,1386,9,1144.61,True,True,rees46_oct_nov_user5_analysis_v1
2019-11-24,category:computers,computers,4813,27,11957.85,True,True,rees46_oct_nov_user5_analysis_v1
2019-11-24,category:construction,construction,1272,9,811.36,True,True,rees46_oct_nov_user5_analysis_v1
2019-11-24,category:country_yard,country_yard,16,0,0.00,True,True,rees46_oct_nov_user5_analysis_v1
2019-11-24,category:electronics,electronics,28817,626,240967.81,True,True,rees46_oct_nov_user5_analysis_v1
2019-11-24,category:furniture,furniture,1766,9,3773.59,True,True,rees46_oct_nov_user5_analysis_v1
2019-11-24,category:kids,kids,864,11,289.84,True,True,rees46_oct_nov_user5_analysis_v1
2019-11-24,category:medicine,medicine,43,2,86.44,True,True,rees46_oct_nov_user5_analysis_v1
2019-11-24,category:sport,sport,335,2,236.30,True,True,rees46_oct_nov_user5_analysis_v1
2019-11-24,category:stationery,stationery,18,0,0.00,True,True,rees46_oct_nov_user5_analysis_v1
2019-11-25,bucket:unknown,unknown,28043,377,47654.55,True,True,rees46_oct_nov_user5_analysis_v1
2019-11-25,category:accessories,accessories,434,3,100.78,True,True,rees46_oct_nov_user5_analysis_v1
2019-11-25,category:apparel,apparel,3026,14,712.76,True,True,rees46_oct_nov_user5_analysis_v1
2019-11-25,category:appliances,appliances,7960,87,12563.32,True,True,rees46_oct_nov_user5_analysis_v1
2019-11-25,category:auto,auto,1728,17,2099.29,True,True,rees46_oct_nov_user5_analysis_v1
2019-11-25,category:computers,computers,4170,30,8272.60,True,True,rees46_oct_nov_user5_analysis_v1
2019-11-25,category:construction,construction,1437,16,1240.24,True,True,rees46_oct_nov_user5_analysis_v1
2019-11-25,category:country_yard,country_yard,8,0,0.00,True,True,rees46_oct_nov_user5_analysis_v1
2019-11-25,category:electronics,electronics,29533,721,310688.64,True,True,rees46_oct_nov_user5_analysis_v1
2019-11-25,category:furniture,furniture,1832,19,3725.91,True,True,rees46_oct_nov_user5_analysis_v1
2019-11-25,category:kids,kids,1050,12,635.44,True,True,rees46_oct_nov_user5_analysis_v1
2019-11-25,category:medicine,medicine,18,1,90.07,True,True,rees46_oct_nov_user5_analysis_v1
2019-11-25,category:sport,sport,208,0,0.00,True,True,rees46_oct_nov_user5_analysis_v1
2019-11-25,category:stationery,stationery,25,2,7.78,True,True,rees46_oct_nov_user5_analysis_v1
2019-11-26,bucket:unknown,unknown,27531,338,44028.80,True,True,rees46_oct_nov_user5_analysis_v1
2019-11-26,category:accessories,accessories,485,0,0.00,True,True,rees46_oct_nov_user5_analysis_v1
2019-11-26,category:apparel,apparel,3695,19,1605.66,True,True,rees46_oct_nov_user5_analysis_v1
2019-11-26,category:appliances,appliances,8121,78,14844.76,True,True,rees46_oct_nov_user5_analysis_v1
2019-11-26,category:auto,auto,1391,12,1289.66,True,True,rees46_oct_nov_user5_analysis_v1
2019-11-26,category:computers,computers,4641,46,16850.89,True,True,rees46_oct_nov_user5_analysis_v1
2019-11-26,category:construction,construction,1233,8,785.10,True,True,rees46_oct_nov_user5_analysis_v1
2019-11-26,category:country_yard,country_yard,21,0,0.00,True,True,rees46_oct_nov_user5_analysis_v1
2019-11-26,category:electronics,electronics,29791,665,291413.07,True,True,rees46_oct_nov_user5_analysis_v1
2019-11-26,category:furniture,furniture,2155,14,3615.50,True,True,rees46_oct_nov_user5_analysis_v1
2019-11-26,category:kids,kids,1145,9,1140.17,True,True,rees46_oct_nov_user5_analysis_v1
2019-11-26,category:medicine,medicine,46,2,89.71,True,True,rees46_oct_nov_user5_analysis_v1
2019-11-26,category:sport,sport,337,1,218.54,True,True,rees46_oct_nov_user5_analysis_v1
2019-11-26,category:stationery,stationery,11,0,0.00,True,True,rees46_oct_nov_user5_analysis_v1
2019-11-27,bucket:unknown,unknown,26939,313,39749.76,True,True,rees46_oct_nov_user5_analysis_v1
2019-11-27,category:accessories,accessories,412,2,19.51,True,True,rees46_oct_nov_user5_analysis_v1
2019-11-27,category:apparel,apparel,3660,18,1439.44,True,True,rees46_oct_nov_user5_analysis_v1
2019-11-27,category:appliances,appliances,8816,109,21541.74,True,True,rees46_oct_nov_user5_analysis_v1
2019-11-27,category:auto,auto,1392,16,3506.27,True,True,rees46_oct_nov_user5_analysis_v1
2019-11-27,category:computers,computers,4472,33,14568.84,True,True,rees46_oct_nov_user5_analysis_v1
2019-11-27,category:construction,construction,1298,11,1136.65,True,True,rees46_oct_nov_user5_analysis_v1
2019-11-27,category:country_yard,country_yard,38,0,0.00,True,True,rees46_oct_nov_user5_analysis_v1
2019-11-27,category:electronics,electronics,30512,733,282201.86,True,True,rees46_oct_nov_user5_analysis_v1
2019-11-27,category:furniture,furniture,2254,19,2648.36,True,True,rees46_oct_nov_user5_analysis_v1
2019-11-27,category:kids,kids,1071,12,1266.19,True,True,rees46_oct_nov_user5_analysis_v1
2019-11-27,category:medicine,medicine,22,1,48.65,True,True,rees46_oct_nov_user5_analysis_v1
2019-11-27,category:sport,sport,266,0,0.00,True,True,rees46_oct_nov_user5_analysis_v1
2019-11-27,category:stationery,stationery,14,0,0.00,True,True,rees46_oct_nov_user5_analysis_v1
2019-11-28,bucket:unknown,unknown,27073,301,36438.94,True,True,rees46_oct_nov_user5_analysis_v1
2019-11-28,category:accessories,accessories,532,3,93.93,True,True,rees46_oct_nov_user5_analysis_v1
2019-11-28,category:apparel,apparel,3488,12,1130.80,True,True,rees46_oct_nov_user5_analysis_v1
2019-11-28,category:appliances,appliances,8600,108,19648.03,True,True,rees46_oct_nov_user5_analysis_v1
2019-11-28,category:auto,auto,1621,7,465.59,True,True,rees46_oct_nov_user5_analysis_v1
2019-11-28,category:computers,computers,5106,62,31313.88,True,True,rees46_oct_nov_user5_analysis_v1
2019-11-28,category:construction,construction,1341,13,1046.94,True,True,rees46_oct_nov_user5_analysis_v1
2019-11-28,category:country_yard,country_yard,24,0,0.00,True,True,rees46_oct_nov_user5_analysis_v1
2019-11-28,category:electronics,electronics,30777,632,260844.29,True,True,rees46_oct_nov_user5_analysis_v1
2019-11-28,category:furniture,furniture,1980,9,1501.93,True,True,rees46_oct_nov_user5_analysis_v1
2019-11-28,category:kids,kids,1012,15,597.50,True,True,rees46_oct_nov_user5_analysis_v1
2019-11-28,category:medicine,medicine,35,0,0.00,True,True,rees46_oct_nov_user5_analysis_v1
2019-11-28,category:sport,sport,339,0,0.00,True,True,rees46_oct_nov_user5_analysis_v1
2019-11-28,category:stationery,stationery,37,0,0.00,True,True,rees46_oct_nov_user5_analysis_v1
2019-11-29,bucket:unknown,unknown,27250,335,47594.73,True,True,rees46_oct_nov_user5_analysis_v1
2019-11-29,category:accessories,accessories,540,1,12.09,True,True,rees46_oct_nov_user5_analysis_v1
2019-11-29,category:apparel,apparel,3496,15,1211.85,True,True,rees46_oct_nov_user5_analysis_v1
2019-11-29,category:appliances,appliances,11255,166,29297.02,True,True,rees46_oct_nov_user5_analysis_v1
2019-11-29,category:auto,auto,1493,16,1661.50,True,True,rees46_oct_nov_user5_analysis_v1
2019-11-29,category:computers,computers,5912,104,40107.82,True,True,rees46_oct_nov_user5_analysis_v1
2019-11-29,category:construction,construction,1483,12,1619.51,True,True,rees46_oct_nov_user5_analysis_v1
2019-11-29,category:country_yard,country_yard,9,0,0.00,True,True,rees46_oct_nov_user5_analysis_v1
2019-11-29,category:electronics,electronics,36387,934,373787.23,True,True,rees46_oct_nov_user5_analysis_v1
2019-11-29,category:furniture,furniture,1878,16,3311.55,True,True,rees46_oct_nov_user5_analysis_v1
2019-11-29,category:kids,kids,1029,12,1297.08,True,True,rees46_oct_nov_user5_analysis_v1
2019-11-29,category:medicine,medicine,15,0,0.00,True,True,rees46_oct_nov_user5_analysis_v1
2019-11-29,category:sport,sport,417,11,1336.56,True,True,rees46_oct_nov_user5_analysis_v1
2019-11-29,category:stationery,stationery,28,4,36.18,True,True,rees46_oct_nov_user5_analysis_v1
2019-11-30,bucket:unknown,unknown,26757,312,34092.36,True,True,rees46_oct_nov_user5_analysis_v1
2019-11-30,category:accessories,accessories,402,3,135.92,True,True,rees46_oct_nov_user5_analysis_v1
2019-11-30,category:apparel,apparel,3578,25,2291.97,True,True,rees46_oct_nov_user5_analysis_v1
2019-11-30,category:appliances,appliances,9892,120,20057.06,True,True,rees46_oct_nov_user5_analysis_v1
2019-11-30,category:auto,auto,1330,14,1526.08,True,True,rees46_oct_nov_user5_analysis_v1
2019-11-30,category:computers,computers,5485,76,29956.98,True,True,rees46_oct_nov_user5_analysis_v1
2019-11-30,category:construction,construction,1097,9,871.60,True,True,rees46_oct_nov_user5_analysis_v1
2019-11-30,category:country_yard,country_yard,42,0,0.00,True,True,rees46_oct_nov_user5_analysis_v1
2019-11-30,category:electronics,electronics,33998,809,328492.11,True,True,rees46_oct_nov_user5_analysis_v1
2019-11-30,category:furniture,furniture,2390,13,3179.10,True,True,rees46_oct_nov_user5_analysis_v1
2019-11-30,category:kids,kids,1005,13,993.07,True,True,rees46_oct_nov_user5_analysis_v1
2019-11-30,category:medicine,medicine,25,0,0.00,True,True,rees46_oct_nov_user5_analysis_v1
2019-11-30,category:sport,sport,325,4,927.67,True,True,rees46_oct_nov_user5_analysis_v1
2019-11-30,category:stationery,stationery,43,0,0.00,True,True,rees46_oct_nov_user5_analysis_v1
