treatment,split,n,split_share_within_treatment,conversion_count,conversion_rate,visit_count,visit_rate,exposure_count,exposure_rate,usage
all,train,8387273,0.5999655068617167081843304154,24405,0.002909765784421229641624876167,393985,0.04697414761627527803136967164,256538,0.03058658040581247325561001770,predeclared_split_QC_not_optimization_target
all,valid,2797762,0.2001318779546641990696151933,8261,0.002952717207539454749903673007,131450,0.04698398219719904695252848527,85669,0.03062054599354769991157217805,predeclared_split_QC_not_optimization_target
all,test,2794557,0.1999026151836190927460543913,8108,0.002901354311255773276408389594,131494,0.04705361171734911830390290840,86005,0.03077589757517917866767433980,predeclared_split_QC_not_optimization_target
0,train,1257688,0.5997738606357749422133330663,2413,0.001918599843522399832072819332,48184,0.03831156852891973207981629784,0,0,predeclared_split_QC_not_optimization_target
0,valid,419883,0.2002363447256641472776721475,837,0.001993412450611241703045848486,15853,0.03775575577005975474120171572,0,0,predeclared_split_QC_not_optimization_target
0,test,419366,0.1999897946385609105089947862,813,0.001938640710024179356457128141,16068,0.03831498023206459274237777979,0,0,predeclared_split_QC_not_optimization_target
1,train,7129585,0.5999993267497878209878179582,21992,0.003084611516659104281665763155,345801,0.04850226205312090395163252840,256538,0.03598217848584454775418204566,predeclared_split_QC_not_optimization_target
1,valid,2377879,0.2001134426607521635526740446,7424,0.003122110082136223079475448498,115597,0.04861349126679700691246274516,85669,0.03602748499818535762332734340,predeclared_split_QC_not_optimization_target
1,test,2375191,0.1998872305894600154595079972,7295,0.003071331947620212437652382482,115426,0.04859651286991235652206496235,86005,0.03620971955518524615494080266,predeclared_split_QC_not_optimization_target
