phase,run_id,check,expected,actual,result
engineering_regression,engineering-regression-v101,python_version,"[3,11]","[3,11]",pass
engineering_regression,engineering-regression-v101,driver_venv,"""<PROJECT_ROOT>/.venv""","""<PROJECT_ROOT>/.venv""",pass
engineering_regression,engineering-regression-v101,pyspark,"""3.5.8""","""3.5.8""",pass
engineering_regression,engineering-regression-v101,spark_jvm,"""3.5.8""","""3.5.8""",pass
engineering_regression,engineering-regression-v101,java_major,"""17""","""17""",pass
engineering_regression,engineering-regression-v101,master,"""local[4]""","""local[4]""",pass
engineering_regression,engineering-regression-v101,driver_memory,"""4g""","""4g""",pass
engineering_regression,engineering-regression-v101,jvm_max_heap_bytes,4294967296,4294967296,pass
engineering_regression,engineering-regression-v101,utc,"""UTC""","""UTC""",pass
engineering_regression,engineering-regression-v101,shuffle,"""32""","""32""",pass
engineering_regression,engineering-regression-v101,catalog,"""in-memory""","""in-memory""",pass
engineering_regression,engineering-regression-v101,worker_python,true,true,pass
engineering_regression,engineering-regression-v101,schema,canonical_json_sha256:322dff2cec1327d7c9b4797eb4ff984b5c088b818817522f75c9199cefdae46b,canonical_json_sha256:322dff2cec1327d7c9b4797eb4ff984b5c088b818817522f75c9199cefdae46b,pass
engineering_regression,engineering-regression-v101,rows,100000,100000,pass
engineering_regression,engineering-regression-v101,expected_minus_actual_multiset,0,0,pass
engineering_regression,engineering-regression-v101,actual_minus_expected_multiset,0,0,pass
engineering_regression,engineering-regression-v101,summary_record_count,100000,100000,pass
engineering_regression,engineering-regression-v101,summary_flags,"{""amount_eligible"":1655,""brand_missing"":14391,""category_code_missing"":32587,""category_id_invalid"":0,""category_id_missing"":0,""event_eligible"":100000,""event_type_unknown"":0,""price_invalid"":0,""price_missing"":0,""price_negative"":0,""price_nonfinite"":0,""price_precision_exceeded"":0,""price_scale_exceeded"":0,""price_zero"":119,""product_id_invalid"":0,""product_id_missing"":0,""session_missing"":0,""time_invalid"":0,""time_missing"":0,""user_id_invalid"":0,""user_id_missing"":0}","{""amount_eligible"":1655,""brand_missing"":14391,""category_code_missing"":32587,""category_id_invalid"":0,""category_id_missing"":0,""event_eligible"":100000,""event_type_unknown"":0,""price_invalid"":0,""price_missing"":0,""price_negative"":0,""price_nonfinite"":0,""price_precision_exceeded"":0,""price_scale_exceeded"":0,""price_zero"":119,""product_id_invalid"":0,""product_id_missing"":0,""session_missing"":0,""time_invalid"":0,""time_missing"":0,""user_id_invalid"":0,""user_id_missing"":0}",pass
engineering_regression,engineering-regression-v101,summary_behaviors,"{""cart"":1215,""purchase"":1655,""view"":97130}","{""cart"":1215,""purchase"":1655,""view"":97130}",pass
engineering_regression,engineering-regression-v101,summary_zero_by_behavior,"{""__unknown__"":0,""cart"":0,""purchase"":0,""remove_from_cart"":0,""view"":119}","{""__unknown__"":0,""cart"":0,""purchase"":0,""remove_from_cart"":0,""view"":119}",pass
engineering_regression,engineering-regression-v101,summary_raw_users,20384,20384,pass
engineering_regression,engineering-regression-v101,summary_users,20384,20384,pass
engineering_regression,engineering-regression-v101,summary_buyers,1336,1336,pass
engineering_regression,engineering-regression-v101,summary_purchase_events,1655,1655,pass
engineering_regression,engineering-regression-v101,summary_purchase_price_bad_all,0,0,pass
engineering_regression,engineering-regression-v101,summary_purchase_price_bad_eligible,0,0,pass
engineering_regression,engineering-regression-v101,summary_purchase_amount,"""501176.21""","""501176.21""",pass
engineering_regression,engineering-regression-v101,summary_amount_status,"""complete_observed""","""complete_observed""",pass
engineering_regression,engineering-regression-v101,summary_time_min,"""2019-10-01T00:00:00+00:00""","""2019-10-01T00:00:00+00:00""",pass
engineering_regression,engineering-regression-v101,summary_time_max,"""2019-10-01T04:28:27+00:00""","""2019-10-01T04:28:27+00:00""",pass
engineering_regression,engineering-regression-v101,daily_bucket_keys,"[""2019-10-01""]","[""2019-10-01""]",pass
engineering_regression,engineering-regression-v101,daily_2019-10-01,canonical_json_sha256:3a21d2934338fb883a102d4ed153723a385432781af1377357a72e5f4d690ea3,canonical_json_sha256:3a21d2934338fb883a102d4ed153723a385432781af1377357a72e5f4d690ea3,pass
engineering_regression,engineering-regression-v101,historical_record_count,100000,100000,pass
engineering_regression,engineering-regression-v101,historical_users,20384,20384,pass
engineering_regression,engineering-regression-v101,historical_buyers,1336,1336,pass
engineering_regression,engineering-regression-v101,historical_purchase_events,1655,1655,pass
engineering_regression,engineering-regression-v101,historical_purchase_price_bad_eligible,0,0,pass
engineering_regression,engineering-regression-v101,historical_purchase_price_bad_all,0,0,pass
engineering_regression,engineering-regression-v101,historical_purchase_amount,"""501176.21""","""501176.21""",pass
engineering_regression,engineering-regression-v101,historical_time_min,"""2019-10-01T00:00:00+00:00""","""2019-10-01T00:00:00+00:00""",pass
engineering_regression,engineering-regression-v101,historical_time_max,"""2019-10-01T04:28:27+00:00""","""2019-10-01T04:28:27+00:00""",pass
engineering_regression,engineering-regression-v101,historical_flags,"{""amount_eligible"":1655,""brand_missing"":14391,""category_code_missing"":32587,""category_id_invalid"":0,""category_id_missing"":0,""event_eligible"":100000,""event_type_unknown"":0,""price_invalid"":0,""price_missing"":0,""price_negative"":0,""price_nonfinite"":0,""price_precision_exceeded"":0,""price_scale_exceeded"":0,""price_zero"":119,""product_id_invalid"":0,""product_id_missing"":0,""session_missing"":0,""time_invalid"":0,""time_missing"":0,""user_id_invalid"":0,""user_id_missing"":0}","{""amount_eligible"":1655,""brand_missing"":14391,""category_code_missing"":32587,""category_id_invalid"":0,""category_id_missing"":0,""event_eligible"":100000,""event_type_unknown"":0,""price_invalid"":0,""price_missing"":0,""price_negative"":0,""price_nonfinite"":0,""price_precision_exceeded"":0,""price_scale_exceeded"":0,""price_zero"":119,""product_id_invalid"":0,""product_id_missing"":0,""session_missing"":0,""time_invalid"":0,""time_missing"":0,""user_id_invalid"":0,""user_id_missing"":0}",pass
engineering_regression,engineering-regression-v101,historical_behaviors,"{""cart"":1215,""purchase"":1655,""view"":97130}","{""cart"":1215,""purchase"":1655,""view"":97130}",pass
engineering_regression,engineering-regression-v101,historical_amount_status,"""complete_observed""","""complete_observed""",pass
engineering_regression,engineering-regression-v101,historical_old_minus_new,0,0,pass
engineering_regression,engineering-regression-v101,historical_new_minus_old,0,0,pass
engineering_regression,engineering-regression-v101,input_sha256_after,"""fe2cd808172c853217201660a98a8c8600fb0230f5c89efda45a9a1a2fdae754""","""fe2cd808172c853217201660a98a8c8600fb0230f5c89efda45a9a1a2fdae754""",pass
month,month-v101-01,python_version,"[3,11]","[3,11]",pass
month,month-v101-01,driver_venv,"""<PROJECT_ROOT>/.venv""","""<PROJECT_ROOT>/.venv""",pass
month,month-v101-01,pyspark,"""3.5.8""","""3.5.8""",pass
month,month-v101-01,spark_jvm,"""3.5.8""","""3.5.8""",pass
month,month-v101-01,java_major,"""17""","""17""",pass
month,month-v101-01,master,"""local[4]""","""local[4]""",pass
month,month-v101-01,driver_memory,"""4g""","""4g""",pass
month,month-v101-01,jvm_max_heap_bytes,4294967296,4294967296,pass
month,month-v101-01,utc,"""UTC""","""UTC""",pass
month,month-v101-01,shuffle,"""32""","""32""",pass
month,month-v101-01,catalog,"""in-memory""","""in-memory""",pass
month,month-v101-01,worker_python,true,true,pass
month,month-v101-01,schema,canonical_json_sha256:322dff2cec1327d7c9b4797eb4ff984b5c088b818817522f75c9199cefdae46b,canonical_json_sha256:322dff2cec1327d7c9b4797eb4ff984b5c088b818817522f75c9199cefdae46b,pass
month,month-v101-01,rows,2114081,2114081,pass
month,month-v101-01,expected_minus_actual_multiset,0,0,pass
month,month-v101-01,actual_minus_expected_multiset,0,0,pass
month,month-v101-01,summary_record_count,2114081,2114081,pass
month,month-v101-01,summary_flags,"{""amount_eligible"":37019,""brand_missing"":299547,""category_code_missing"":669421,""category_id_invalid"":0,""category_id_missing"":0,""event_eligible"":2114081,""event_type_unknown"":0,""price_invalid"":0,""price_missing"":0,""price_negative"":0,""price_nonfinite"":0,""price_precision_exceeded"":0,""price_scale_exceeded"":0,""price_zero"":3292,""product_id_invalid"":0,""product_id_missing"":0,""session_missing"":0,""time_invalid"":0,""time_missing"":0,""user_id_invalid"":0,""user_id_missing"":0}","{""amount_eligible"":37019,""brand_missing"":299547,""category_code_missing"":669421,""category_id_invalid"":0,""category_id_missing"":0,""event_eligible"":2114081,""event_type_unknown"":0,""price_invalid"":0,""price_missing"":0,""price_negative"":0,""price_nonfinite"":0,""price_precision_exceeded"":0,""price_scale_exceeded"":0,""price_zero"":3292,""product_id_invalid"":0,""product_id_missing"":0,""session_missing"":0,""time_invalid"":0,""time_missing"":0,""user_id_invalid"":0,""user_id_missing"":0}",pass
month,month-v101-01,summary_behaviors,"{""cart"":46472,""purchase"":37019,""view"":2030590}","{""cart"":46472,""purchase"":37019,""view"":2030590}",pass
month,month-v101-01,summary_zero_by_behavior,"{""__unknown__"":0,""cart"":6,""purchase"":0,""remove_from_cart"":0,""view"":3286}","{""__unknown__"":0,""cart"":6,""purchase"":0,""remove_from_cart"":0,""view"":3286}",pass
month,month-v101-01,summary_raw_users,151121,151121,pass
month,month-v101-01,summary_users,151121,151121,pass
month,month-v101-01,summary_buyers,17121,17121,pass
month,month-v101-01,summary_purchase_events,37019,37019,pass
month,month-v101-01,summary_purchase_price_bad_all,0,0,pass
month,month-v101-01,summary_purchase_price_bad_eligible,0,0,pass
month,month-v101-01,summary_purchase_amount,"""11598630.22""","""11598630.22""",pass
month,month-v101-01,summary_amount_status,"""complete_observed""","""complete_observed""",pass
month,month-v101-01,summary_time_min,"""2019-10-01T00:00:23+00:00""","""2019-10-01T00:00:23+00:00""",pass
month,month-v101-01,summary_time_max,"""2019-10-31T23:59:56+00:00""","""2019-10-31T23:59:56+00:00""",pass
month,month-v101-01,daily_bucket_keys,"[""2019-10-01"",""2019-10-02"",""2019-10-03"",""2019-10-04"",""2019-10-05"",""2019-10-06"",""2019-10-07"",""2019-10-08"",""2019-10-09"",""2019-10-10"",""2019-10-11"",""2019-10-12"",""2019-10-13"",""2019-10-14"",""2019-10-15"",""2019-10-16"",""2019-10-17"",""2019-10-18"",""2019-10-19"",""2019-10-20"",""2019-10-21"",""2019-10-22"",""2019-10-23"",""2019-10-24"",""2019-10-25"",""2019-10-26"",""2019-10-27"",""2019-10-28"",""2019-10-29"",""2019-10-30"",""2019-10-31""]","[""2019-10-01"",""2019-10-02"",""2019-10-03"",""2019-10-04"",""2019-10-05"",""2019-10-06"",""2019-10-07"",""2019-10-08"",""2019-10-09"",""2019-10-10"",""2019-10-11"",""2019-10-12"",""2019-10-13"",""2019-10-14"",""2019-10-15"",""2019-10-16"",""2019-10-17"",""2019-10-18"",""2019-10-19"",""2019-10-20"",""2019-10-21"",""2019-10-22"",""2019-10-23"",""2019-10-24"",""2019-10-25"",""2019-10-26"",""2019-10-27"",""2019-10-28"",""2019-10-29"",""2019-10-30"",""2019-10-31""]",pass
month,month-v101-01,daily_2019-10-01,canonical_json_sha256:084a6dc09a06be9c6f430e089f576f8f27fe31dac3e4676bbf04ea8a6f0a9456,canonical_json_sha256:084a6dc09a06be9c6f430e089f576f8f27fe31dac3e4676bbf04ea8a6f0a9456,pass
month,month-v101-01,daily_2019-10-02,canonical_json_sha256:10a34d7c56c2e6298d744b0a133368a4e581e65b1f8cec79682bb26ee8618cfe,canonical_json_sha256:10a34d7c56c2e6298d744b0a133368a4e581e65b1f8cec79682bb26ee8618cfe,pass
month,month-v101-01,daily_2019-10-03,canonical_json_sha256:a4f8eb0b678d2f399047f1a955b55a0a881ca80e1eb211cd4888a3d91ef29edc,canonical_json_sha256:a4f8eb0b678d2f399047f1a955b55a0a881ca80e1eb211cd4888a3d91ef29edc,pass
month,month-v101-01,daily_2019-10-04,canonical_json_sha256:178fe283cbd2856232bab78b54af55b73d182564eaa8fbbd25c266f3cfdf3a46,canonical_json_sha256:178fe283cbd2856232bab78b54af55b73d182564eaa8fbbd25c266f3cfdf3a46,pass
month,month-v101-01,daily_2019-10-05,canonical_json_sha256:9750bb8aabf77de48c99b6a2df4f5738edebf83f38bd5fb5c826e4e867e732fb,canonical_json_sha256:9750bb8aabf77de48c99b6a2df4f5738edebf83f38bd5fb5c826e4e867e732fb,pass
month,month-v101-01,daily_2019-10-06,canonical_json_sha256:47178abe4f7c44c2d8197133c7e9d33439523cc3c78780227e34e27b4be6ea0e,canonical_json_sha256:47178abe4f7c44c2d8197133c7e9d33439523cc3c78780227e34e27b4be6ea0e,pass
month,month-v101-01,daily_2019-10-07,canonical_json_sha256:97bc9bde60e29e51401247e3e22bcfce748f3740b57290bc022cce5ab11f62ea,canonical_json_sha256:97bc9bde60e29e51401247e3e22bcfce748f3740b57290bc022cce5ab11f62ea,pass
month,month-v101-01,daily_2019-10-08,canonical_json_sha256:2d2123efd1821276d5c42fec5591c8d1a215d59f9489053b31347fb41254ac2f,canonical_json_sha256:2d2123efd1821276d5c42fec5591c8d1a215d59f9489053b31347fb41254ac2f,pass
month,month-v101-01,daily_2019-10-09,canonical_json_sha256:b32c316c4457993f8ed7271d541e954e5b3b0c32e2cfc108a147212de258fbb5,canonical_json_sha256:b32c316c4457993f8ed7271d541e954e5b3b0c32e2cfc108a147212de258fbb5,pass
month,month-v101-01,daily_2019-10-10,canonical_json_sha256:653d40796a77aad0a99cca320c5227100578ebb2a0a454e8f7d82cae6c66634d,canonical_json_sha256:653d40796a77aad0a99cca320c5227100578ebb2a0a454e8f7d82cae6c66634d,pass
month,month-v101-01,daily_2019-10-11,canonical_json_sha256:12a915500bd1acae25090ebae64c1b9fa15a7b0080d461af446458daece6d3b4,canonical_json_sha256:12a915500bd1acae25090ebae64c1b9fa15a7b0080d461af446458daece6d3b4,pass
month,month-v101-01,daily_2019-10-12,canonical_json_sha256:cc1db18bd5c4d0e7ac5c4ebb2e9c7db42de3329c0637ae173960c69f3d11da5d,canonical_json_sha256:cc1db18bd5c4d0e7ac5c4ebb2e9c7db42de3329c0637ae173960c69f3d11da5d,pass
month,month-v101-01,daily_2019-10-13,canonical_json_sha256:d8809682e68ab86607050bd8bd4f51b63fdd5d94ee78556b7ee56ecd6fc54164,canonical_json_sha256:d8809682e68ab86607050bd8bd4f51b63fdd5d94ee78556b7ee56ecd6fc54164,pass
month,month-v101-01,daily_2019-10-14,canonical_json_sha256:22e53900748ebca43af426007c41f1f8b89b12d5a62aacda2445a4df3f899bef,canonical_json_sha256:22e53900748ebca43af426007c41f1f8b89b12d5a62aacda2445a4df3f899bef,pass
month,month-v101-01,daily_2019-10-15,canonical_json_sha256:8ba7ed76b6d73c5c860a8605351e1886e6ae74daf04035cc14390b151a77b975,canonical_json_sha256:8ba7ed76b6d73c5c860a8605351e1886e6ae74daf04035cc14390b151a77b975,pass
month,month-v101-01,daily_2019-10-16,canonical_json_sha256:04f3d6dd320275f65a805b5055aec8086f9dc97caee8c6881cdf7662717c6af3,canonical_json_sha256:04f3d6dd320275f65a805b5055aec8086f9dc97caee8c6881cdf7662717c6af3,pass
month,month-v101-01,daily_2019-10-17,canonical_json_sha256:eefe9160293bf3c3882334989c7210840abccafce5e66b751824bfc547c673cd,canonical_json_sha256:eefe9160293bf3c3882334989c7210840abccafce5e66b751824bfc547c673cd,pass
month,month-v101-01,daily_2019-10-18,canonical_json_sha256:f7767ebe596218d784a903c2c33c787d189a2d7f34280b4dfd88431d0061e47e,canonical_json_sha256:f7767ebe596218d784a903c2c33c787d189a2d7f34280b4dfd88431d0061e47e,pass
month,month-v101-01,daily_2019-10-19,canonical_json_sha256:e48e6270725eef1478093964e2999cef00b19d8d17e0c490e3783e3559915e97,canonical_json_sha256:e48e6270725eef1478093964e2999cef00b19d8d17e0c490e3783e3559915e97,pass
month,month-v101-01,daily_2019-10-20,canonical_json_sha256:5b6a4a7940afcbb11d934114d34f52e7696657adadf0b14cd4b3770e7aeb1c8d,canonical_json_sha256:5b6a4a7940afcbb11d934114d34f52e7696657adadf0b14cd4b3770e7aeb1c8d,pass
month,month-v101-01,daily_2019-10-21,canonical_json_sha256:99ee4453c3b2fad095cd0b258759ea9daee557ec9b6b977cce473240d100534c,canonical_json_sha256:99ee4453c3b2fad095cd0b258759ea9daee557ec9b6b977cce473240d100534c,pass
month,month-v101-01,daily_2019-10-22,canonical_json_sha256:9c4929429e9b3507c43466525a5da7a34f614d28be62174573eb914ad2016f83,canonical_json_sha256:9c4929429e9b3507c43466525a5da7a34f614d28be62174573eb914ad2016f83,pass
month,month-v101-01,daily_2019-10-23,canonical_json_sha256:faffadff09bafde785ec610ee44e4c9834f11004c2676104e141387ec4b9eace,canonical_json_sha256:faffadff09bafde785ec610ee44e4c9834f11004c2676104e141387ec4b9eace,pass
month,month-v101-01,daily_2019-10-24,canonical_json_sha256:829c20780f5206724548c3f6da6ebfa0a882d74ca709eb169842142f0c6bc598,canonical_json_sha256:829c20780f5206724548c3f6da6ebfa0a882d74ca709eb169842142f0c6bc598,pass
month,month-v101-01,daily_2019-10-25,canonical_json_sha256:03be8a19f449fa8c171d74356218df9eeec0b8b36f914d736ed1d1287ff0b1af,canonical_json_sha256:03be8a19f449fa8c171d74356218df9eeec0b8b36f914d736ed1d1287ff0b1af,pass
month,month-v101-01,daily_2019-10-26,canonical_json_sha256:f52e9bf7b4f5a274057c6c6ac769d01e54af4add1de461bd59a9fdd983c9e90a,canonical_json_sha256:f52e9bf7b4f5a274057c6c6ac769d01e54af4add1de461bd59a9fdd983c9e90a,pass
month,month-v101-01,daily_2019-10-27,canonical_json_sha256:2a1e668bb627b2c7b5328d32361a8607875ff81b7eb8435cc466e4bf9786e1d8,canonical_json_sha256:2a1e668bb627b2c7b5328d32361a8607875ff81b7eb8435cc466e4bf9786e1d8,pass
month,month-v101-01,daily_2019-10-28,canonical_json_sha256:29effd42d004b24aeb99404a8d7a8f4107c7579795590e3cae4f87ef265e05fe,canonical_json_sha256:29effd42d004b24aeb99404a8d7a8f4107c7579795590e3cae4f87ef265e05fe,pass
month,month-v101-01,daily_2019-10-29,canonical_json_sha256:e4ce34b5278f0c9d9baec59df8cc199ed11ef72802873228c9c3d587f5195e15,canonical_json_sha256:e4ce34b5278f0c9d9baec59df8cc199ed11ef72802873228c9c3d587f5195e15,pass
month,month-v101-01,daily_2019-10-30,canonical_json_sha256:fc6ffd4bf554d2f05cb8d73e17ff62979a358a097956b77d1218c0ed7dfc3860,canonical_json_sha256:fc6ffd4bf554d2f05cb8d73e17ff62979a358a097956b77d1218c0ed7dfc3860,pass
month,month-v101-01,daily_2019-10-31,canonical_json_sha256:3dec3564771e862bf9e499e01f7f5ba099a82643f67200493c465f2c9438f64d,canonical_json_sha256:3dec3564771e862bf9e499e01f7f5ba099a82643f67200493c465f2c9438f64d,pass
month,month-v101-01,registered_daily_coverage,canonical_json_sha256:ce3d3d0baadb407535459f167572492d75c31aa659bd3e0c595e203cfe978472,canonical_json_sha256:ce3d3d0baadb407535459f167572492d75c31aa659bd3e0c595e203cfe978472,pass
month,month-v101-01,registered_raw_users,151121,151121,pass
month,month-v101-01,registered_behaviors,"{""cart"":46472,""purchase"":37019,""view"":2030590}","{""cart"":46472,""purchase"":37019,""view"":2030590}",pass
month,month-v101-01,input_sha256_after,"""5bfc34f9c683a81ecb5eef6853a62ed454a76eca3244c9b7d80a426b8100055b""","""5bfc34f9c683a81ecb5eef6853a62ed454a76eca3244c9b7d80a426b8100055b""",pass
month,month-v101-02,python_version,"[3,11]","[3,11]",pass
month,month-v101-02,driver_venv,"""<PROJECT_ROOT>/.venv""","""<PROJECT_ROOT>/.venv""",pass
month,month-v101-02,pyspark,"""3.5.8""","""3.5.8""",pass
month,month-v101-02,spark_jvm,"""3.5.8""","""3.5.8""",pass
month,month-v101-02,java_major,"""17""","""17""",pass
month,month-v101-02,master,"""local[4]""","""local[4]""",pass
month,month-v101-02,driver_memory,"""4g""","""4g""",pass
month,month-v101-02,jvm_max_heap_bytes,4294967296,4294967296,pass
month,month-v101-02,utc,"""UTC""","""UTC""",pass
month,month-v101-02,shuffle,"""32""","""32""",pass
month,month-v101-02,catalog,"""in-memory""","""in-memory""",pass
month,month-v101-02,worker_python,true,true,pass
month,month-v101-02,schema,canonical_json_sha256:322dff2cec1327d7c9b4797eb4ff984b5c088b818817522f75c9199cefdae46b,canonical_json_sha256:322dff2cec1327d7c9b4797eb4ff984b5c088b818817522f75c9199cefdae46b,pass
month,month-v101-02,rows,2114081,2114081,pass
month,month-v101-02,expected_minus_actual_multiset,0,0,pass
month,month-v101-02,actual_minus_expected_multiset,0,0,pass
month,month-v101-02,summary_record_count,2114081,2114081,pass
month,month-v101-02,summary_flags,"{""amount_eligible"":37019,""brand_missing"":299547,""category_code_missing"":669421,""category_id_invalid"":0,""category_id_missing"":0,""event_eligible"":2114081,""event_type_unknown"":0,""price_invalid"":0,""price_missing"":0,""price_negative"":0,""price_nonfinite"":0,""price_precision_exceeded"":0,""price_scale_exceeded"":0,""price_zero"":3292,""product_id_invalid"":0,""product_id_missing"":0,""session_missing"":0,""time_invalid"":0,""time_missing"":0,""user_id_invalid"":0,""user_id_missing"":0}","{""amount_eligible"":37019,""brand_missing"":299547,""category_code_missing"":669421,""category_id_invalid"":0,""category_id_missing"":0,""event_eligible"":2114081,""event_type_unknown"":0,""price_invalid"":0,""price_missing"":0,""price_negative"":0,""price_nonfinite"":0,""price_precision_exceeded"":0,""price_scale_exceeded"":0,""price_zero"":3292,""product_id_invalid"":0,""product_id_missing"":0,""session_missing"":0,""time_invalid"":0,""time_missing"":0,""user_id_invalid"":0,""user_id_missing"":0}",pass
month,month-v101-02,summary_behaviors,"{""cart"":46472,""purchase"":37019,""view"":2030590}","{""cart"":46472,""purchase"":37019,""view"":2030590}",pass
month,month-v101-02,summary_zero_by_behavior,"{""__unknown__"":0,""cart"":6,""purchase"":0,""remove_from_cart"":0,""view"":3286}","{""__unknown__"":0,""cart"":6,""purchase"":0,""remove_from_cart"":0,""view"":3286}",pass
month,month-v101-02,summary_raw_users,151121,151121,pass
month,month-v101-02,summary_users,151121,151121,pass
month,month-v101-02,summary_buyers,17121,17121,pass
month,month-v101-02,summary_purchase_events,37019,37019,pass
month,month-v101-02,summary_purchase_price_bad_all,0,0,pass
month,month-v101-02,summary_purchase_price_bad_eligible,0,0,pass
month,month-v101-02,summary_purchase_amount,"""11598630.22""","""11598630.22""",pass
month,month-v101-02,summary_amount_status,"""complete_observed""","""complete_observed""",pass
month,month-v101-02,summary_time_min,"""2019-10-01T00:00:23+00:00""","""2019-10-01T00:00:23+00:00""",pass
month,month-v101-02,summary_time_max,"""2019-10-31T23:59:56+00:00""","""2019-10-31T23:59:56+00:00""",pass
month,month-v101-02,daily_bucket_keys,"[""2019-10-01"",""2019-10-02"",""2019-10-03"",""2019-10-04"",""2019-10-05"",""2019-10-06"",""2019-10-07"",""2019-10-08"",""2019-10-09"",""2019-10-10"",""2019-10-11"",""2019-10-12"",""2019-10-13"",""2019-10-14"",""2019-10-15"",""2019-10-16"",""2019-10-17"",""2019-10-18"",""2019-10-19"",""2019-10-20"",""2019-10-21"",""2019-10-22"",""2019-10-23"",""2019-10-24"",""2019-10-25"",""2019-10-26"",""2019-10-27"",""2019-10-28"",""2019-10-29"",""2019-10-30"",""2019-10-31""]","[""2019-10-01"",""2019-10-02"",""2019-10-03"",""2019-10-04"",""2019-10-05"",""2019-10-06"",""2019-10-07"",""2019-10-08"",""2019-10-09"",""2019-10-10"",""2019-10-11"",""2019-10-12"",""2019-10-13"",""2019-10-14"",""2019-10-15"",""2019-10-16"",""2019-10-17"",""2019-10-18"",""2019-10-19"",""2019-10-20"",""2019-10-21"",""2019-10-22"",""2019-10-23"",""2019-10-24"",""2019-10-25"",""2019-10-26"",""2019-10-27"",""2019-10-28"",""2019-10-29"",""2019-10-30"",""2019-10-31""]",pass
month,month-v101-02,daily_2019-10-01,canonical_json_sha256:084a6dc09a06be9c6f430e089f576f8f27fe31dac3e4676bbf04ea8a6f0a9456,canonical_json_sha256:084a6dc09a06be9c6f430e089f576f8f27fe31dac3e4676bbf04ea8a6f0a9456,pass
month,month-v101-02,daily_2019-10-02,canonical_json_sha256:10a34d7c56c2e6298d744b0a133368a4e581e65b1f8cec79682bb26ee8618cfe,canonical_json_sha256:10a34d7c56c2e6298d744b0a133368a4e581e65b1f8cec79682bb26ee8618cfe,pass
month,month-v101-02,daily_2019-10-03,canonical_json_sha256:a4f8eb0b678d2f399047f1a955b55a0a881ca80e1eb211cd4888a3d91ef29edc,canonical_json_sha256:a4f8eb0b678d2f399047f1a955b55a0a881ca80e1eb211cd4888a3d91ef29edc,pass
month,month-v101-02,daily_2019-10-04,canonical_json_sha256:178fe283cbd2856232bab78b54af55b73d182564eaa8fbbd25c266f3cfdf3a46,canonical_json_sha256:178fe283cbd2856232bab78b54af55b73d182564eaa8fbbd25c266f3cfdf3a46,pass
month,month-v101-02,daily_2019-10-05,canonical_json_sha256:9750bb8aabf77de48c99b6a2df4f5738edebf83f38bd5fb5c826e4e867e732fb,canonical_json_sha256:9750bb8aabf77de48c99b6a2df4f5738edebf83f38bd5fb5c826e4e867e732fb,pass
month,month-v101-02,daily_2019-10-06,canonical_json_sha256:47178abe4f7c44c2d8197133c7e9d33439523cc3c78780227e34e27b4be6ea0e,canonical_json_sha256:47178abe4f7c44c2d8197133c7e9d33439523cc3c78780227e34e27b4be6ea0e,pass
month,month-v101-02,daily_2019-10-07,canonical_json_sha256:97bc9bde60e29e51401247e3e22bcfce748f3740b57290bc022cce5ab11f62ea,canonical_json_sha256:97bc9bde60e29e51401247e3e22bcfce748f3740b57290bc022cce5ab11f62ea,pass
month,month-v101-02,daily_2019-10-08,canonical_json_sha256:2d2123efd1821276d5c42fec5591c8d1a215d59f9489053b31347fb41254ac2f,canonical_json_sha256:2d2123efd1821276d5c42fec5591c8d1a215d59f9489053b31347fb41254ac2f,pass
month,month-v101-02,daily_2019-10-09,canonical_json_sha256:b32c316c4457993f8ed7271d541e954e5b3b0c32e2cfc108a147212de258fbb5,canonical_json_sha256:b32c316c4457993f8ed7271d541e954e5b3b0c32e2cfc108a147212de258fbb5,pass
month,month-v101-02,daily_2019-10-10,canonical_json_sha256:653d40796a77aad0a99cca320c5227100578ebb2a0a454e8f7d82cae6c66634d,canonical_json_sha256:653d40796a77aad0a99cca320c5227100578ebb2a0a454e8f7d82cae6c66634d,pass
month,month-v101-02,daily_2019-10-11,canonical_json_sha256:12a915500bd1acae25090ebae64c1b9fa15a7b0080d461af446458daece6d3b4,canonical_json_sha256:12a915500bd1acae25090ebae64c1b9fa15a7b0080d461af446458daece6d3b4,pass
month,month-v101-02,daily_2019-10-12,canonical_json_sha256:cc1db18bd5c4d0e7ac5c4ebb2e9c7db42de3329c0637ae173960c69f3d11da5d,canonical_json_sha256:cc1db18bd5c4d0e7ac5c4ebb2e9c7db42de3329c0637ae173960c69f3d11da5d,pass
month,month-v101-02,daily_2019-10-13,canonical_json_sha256:d8809682e68ab86607050bd8bd4f51b63fdd5d94ee78556b7ee56ecd6fc54164,canonical_json_sha256:d8809682e68ab86607050bd8bd4f51b63fdd5d94ee78556b7ee56ecd6fc54164,pass
month,month-v101-02,daily_2019-10-14,canonical_json_sha256:22e53900748ebca43af426007c41f1f8b89b12d5a62aacda2445a4df3f899bef,canonical_json_sha256:22e53900748ebca43af426007c41f1f8b89b12d5a62aacda2445a4df3f899bef,pass
month,month-v101-02,daily_2019-10-15,canonical_json_sha256:8ba7ed76b6d73c5c860a8605351e1886e6ae74daf04035cc14390b151a77b975,canonical_json_sha256:8ba7ed76b6d73c5c860a8605351e1886e6ae74daf04035cc14390b151a77b975,pass
month,month-v101-02,daily_2019-10-16,canonical_json_sha256:04f3d6dd320275f65a805b5055aec8086f9dc97caee8c6881cdf7662717c6af3,canonical_json_sha256:04f3d6dd320275f65a805b5055aec8086f9dc97caee8c6881cdf7662717c6af3,pass
month,month-v101-02,daily_2019-10-17,canonical_json_sha256:eefe9160293bf3c3882334989c7210840abccafce5e66b751824bfc547c673cd,canonical_json_sha256:eefe9160293bf3c3882334989c7210840abccafce5e66b751824bfc547c673cd,pass
month,month-v101-02,daily_2019-10-18,canonical_json_sha256:f7767ebe596218d784a903c2c33c787d189a2d7f34280b4dfd88431d0061e47e,canonical_json_sha256:f7767ebe596218d784a903c2c33c787d189a2d7f34280b4dfd88431d0061e47e,pass
month,month-v101-02,daily_2019-10-19,canonical_json_sha256:e48e6270725eef1478093964e2999cef00b19d8d17e0c490e3783e3559915e97,canonical_json_sha256:e48e6270725eef1478093964e2999cef00b19d8d17e0c490e3783e3559915e97,pass
month,month-v101-02,daily_2019-10-20,canonical_json_sha256:5b6a4a7940afcbb11d934114d34f52e7696657adadf0b14cd4b3770e7aeb1c8d,canonical_json_sha256:5b6a4a7940afcbb11d934114d34f52e7696657adadf0b14cd4b3770e7aeb1c8d,pass
month,month-v101-02,daily_2019-10-21,canonical_json_sha256:99ee4453c3b2fad095cd0b258759ea9daee557ec9b6b977cce473240d100534c,canonical_json_sha256:99ee4453c3b2fad095cd0b258759ea9daee557ec9b6b977cce473240d100534c,pass
month,month-v101-02,daily_2019-10-22,canonical_json_sha256:9c4929429e9b3507c43466525a5da7a34f614d28be62174573eb914ad2016f83,canonical_json_sha256:9c4929429e9b3507c43466525a5da7a34f614d28be62174573eb914ad2016f83,pass
month,month-v101-02,daily_2019-10-23,canonical_json_sha256:faffadff09bafde785ec610ee44e4c9834f11004c2676104e141387ec4b9eace,canonical_json_sha256:faffadff09bafde785ec610ee44e4c9834f11004c2676104e141387ec4b9eace,pass
month,month-v101-02,daily_2019-10-24,canonical_json_sha256:829c20780f5206724548c3f6da6ebfa0a882d74ca709eb169842142f0c6bc598,canonical_json_sha256:829c20780f5206724548c3f6da6ebfa0a882d74ca709eb169842142f0c6bc598,pass
month,month-v101-02,daily_2019-10-25,canonical_json_sha256:03be8a19f449fa8c171d74356218df9eeec0b8b36f914d736ed1d1287ff0b1af,canonical_json_sha256:03be8a19f449fa8c171d74356218df9eeec0b8b36f914d736ed1d1287ff0b1af,pass
month,month-v101-02,daily_2019-10-26,canonical_json_sha256:f52e9bf7b4f5a274057c6c6ac769d01e54af4add1de461bd59a9fdd983c9e90a,canonical_json_sha256:f52e9bf7b4f5a274057c6c6ac769d01e54af4add1de461bd59a9fdd983c9e90a,pass
month,month-v101-02,daily_2019-10-27,canonical_json_sha256:2a1e668bb627b2c7b5328d32361a8607875ff81b7eb8435cc466e4bf9786e1d8,canonical_json_sha256:2a1e668bb627b2c7b5328d32361a8607875ff81b7eb8435cc466e4bf9786e1d8,pass
month,month-v101-02,daily_2019-10-28,canonical_json_sha256:29effd42d004b24aeb99404a8d7a8f4107c7579795590e3cae4f87ef265e05fe,canonical_json_sha256:29effd42d004b24aeb99404a8d7a8f4107c7579795590e3cae4f87ef265e05fe,pass
month,month-v101-02,daily_2019-10-29,canonical_json_sha256:e4ce34b5278f0c9d9baec59df8cc199ed11ef72802873228c9c3d587f5195e15,canonical_json_sha256:e4ce34b5278f0c9d9baec59df8cc199ed11ef72802873228c9c3d587f5195e15,pass
month,month-v101-02,daily_2019-10-30,canonical_json_sha256:fc6ffd4bf554d2f05cb8d73e17ff62979a358a097956b77d1218c0ed7dfc3860,canonical_json_sha256:fc6ffd4bf554d2f05cb8d73e17ff62979a358a097956b77d1218c0ed7dfc3860,pass
month,month-v101-02,daily_2019-10-31,canonical_json_sha256:3dec3564771e862bf9e499e01f7f5ba099a82643f67200493c465f2c9438f64d,canonical_json_sha256:3dec3564771e862bf9e499e01f7f5ba099a82643f67200493c465f2c9438f64d,pass
month,month-v101-02,registered_daily_coverage,canonical_json_sha256:ce3d3d0baadb407535459f167572492d75c31aa659bd3e0c595e203cfe978472,canonical_json_sha256:ce3d3d0baadb407535459f167572492d75c31aa659bd3e0c595e203cfe978472,pass
month,month-v101-02,registered_raw_users,151121,151121,pass
month,month-v101-02,registered_behaviors,"{""cart"":46472,""purchase"":37019,""view"":2030590}","{""cart"":46472,""purchase"":37019,""view"":2030590}",pass
month,month-v101-02,input_sha256_after,"""5bfc34f9c683a81ecb5eef6853a62ed454a76eca3244c9b7d80a426b8100055b""","""5bfc34f9c683a81ecb5eef6853a62ed454a76eca3244c9b7d80a426b8100055b""",pass
month,month-v101-02,previous_run_status,"""passed""","""passed""",pass
month,month-v101-02,rerun_previous_minus_current,0,0,pass
month,month-v101-02,rerun_current_minus_previous,0,0,pass
month,month-v101-02,rerun_summary,canonical_json_sha256:12a3ad328916055ee5221c5bb595f1f753d2fe58fd7b6e920959767575ff9cc1,canonical_json_sha256:12a3ad328916055ee5221c5bb595f1f753d2fe58fd7b6e920959767575ff9cc1,pass
month,month-v101-02,rerun_daily_summary,canonical_json_sha256:2b6f1c5c753212f705995bad3f44c472c7920e5fba0f5ca5c722a49b3a072c67,canonical_json_sha256:2b6f1c5c753212f705995bad3f44c472c7920e5fba0f5ca5c722a49b3a072c67,pass
