version,run_id,evidence_type,currency,basket_id,strategy,r,probability_role,unit_contribution,normalized_expected_contribution,delta_expected_vs_reference,delta_expected_vs_absorb
cost01-fixed-fee-v1,cost01-synthetic-01,synthetic_scenario,EUR_scenario,S20_m20_H1,REFERENCE,1.00,fixed_reference,0.00,0.0000,0.0000,3.0000
cost01-fixed-fee-v1,cost01-synthetic-01,synthetic_scenario,EUR_scenario,S20_m20_H1,ABSORB,1.00,fixed_reference,-3.00,-3.0000,-3.0000,0.0000
cost01-fixed-fee-v1,cost01-synthetic-01,synthetic_scenario,EUR_scenario,S20_m20_H1,PASS_HALF,1.00,hypothetical_action,-1.50,-1.5000,-1.5000,1.5000
cost01-fixed-fee-v1,cost01-synthetic-01,synthetic_scenario,EUR_scenario,S20_m20_H1,PASS_HALF,0.95,hypothetical_action,-1.50,-1.4250,-1.4250,1.5750
cost01-fixed-fee-v1,cost01-synthetic-01,synthetic_scenario,EUR_scenario,S20_m20_H1,PASS_HALF,0.90,hypothetical_action,-1.50,-1.3500,-1.3500,1.6500
cost01-fixed-fee-v1,cost01-synthetic-01,synthetic_scenario,EUR_scenario,S20_m20_H1,PASS_HALF,0.80,hypothetical_action,-1.50,-1.2000,-1.2000,1.8000
cost01-fixed-fee-v1,cost01-synthetic-01,synthetic_scenario,EUR_scenario,S20_m20_H1,PASS_HALF,0.70,hypothetical_action,-1.50,-1.0500,-1.0500,1.9500
cost01-fixed-fee-v1,cost01-synthetic-01,synthetic_scenario,EUR_scenario,S20_m20_H1,PASS_FULL,1.00,hypothetical_action,0.00,0.0000,0.0000,3.0000
cost01-fixed-fee-v1,cost01-synthetic-01,synthetic_scenario,EUR_scenario,S20_m20_H1,PASS_FULL,0.95,hypothetical_action,0.00,0.0000,0.0000,3.0000
cost01-fixed-fee-v1,cost01-synthetic-01,synthetic_scenario,EUR_scenario,S20_m20_H1,PASS_FULL,0.90,hypothetical_action,0.00,0.0000,0.0000,3.0000
cost01-fixed-fee-v1,cost01-synthetic-01,synthetic_scenario,EUR_scenario,S20_m20_H1,PASS_FULL,0.80,hypothetical_action,0.00,0.0000,0.0000,3.0000
cost01-fixed-fee-v1,cost01-synthetic-01,synthetic_scenario,EUR_scenario,S20_m20_H1,PASS_FULL,0.70,hypothetical_action,0.00,0.0000,0.0000,3.0000
cost01-fixed-fee-v1,cost01-synthetic-01,synthetic_scenario,EUR_scenario,S20_m20_H1,ADD_SAME_CATEGORY,1.00,hypothetical_action,-3.0000,-3.000000,-3.000000,0.000000
cost01-fixed-fee-v1,cost01-synthetic-01,synthetic_scenario,EUR_scenario,S20_m20_H1,ADD_SAME_CATEGORY,0.95,hypothetical_action,-3.0000,-2.850000,-2.850000,0.150000
cost01-fixed-fee-v1,cost01-synthetic-01,synthetic_scenario,EUR_scenario,S20_m20_H1,ADD_SAME_CATEGORY,0.90,hypothetical_action,-3.0000,-2.700000,-2.700000,0.300000
cost01-fixed-fee-v1,cost01-synthetic-01,synthetic_scenario,EUR_scenario,S20_m20_H1,ADD_SAME_CATEGORY,0.80,hypothetical_action,-3.0000,-2.400000,-2.400000,0.600000
cost01-fixed-fee-v1,cost01-synthetic-01,synthetic_scenario,EUR_scenario,S20_m20_H1,ADD_SAME_CATEGORY,0.70,hypothetical_action,-3.0000,-2.100000,-2.100000,0.900000
cost01-fixed-fee-v1,cost01-synthetic-01,synthetic_scenario,EUR_scenario,S20_m20_H1,ADD_NEW_CATEGORY,1.00,hypothetical_action,-6.0000,-6.000000,-6.000000,-3.000000
cost01-fixed-fee-v1,cost01-synthetic-01,synthetic_scenario,EUR_scenario,S20_m20_H1,ADD_NEW_CATEGORY,0.95,hypothetical_action,-6.0000,-5.700000,-5.700000,-2.700000
cost01-fixed-fee-v1,cost01-synthetic-01,synthetic_scenario,EUR_scenario,S20_m20_H1,ADD_NEW_CATEGORY,0.90,hypothetical_action,-6.0000,-5.400000,-5.400000,-2.400000
cost01-fixed-fee-v1,cost01-synthetic-01,synthetic_scenario,EUR_scenario,S20_m20_H1,ADD_NEW_CATEGORY,0.80,hypothetical_action,-6.0000,-4.800000,-4.800000,-1.800000
cost01-fixed-fee-v1,cost01-synthetic-01,synthetic_scenario,EUR_scenario,S20_m20_H1,ADD_NEW_CATEGORY,0.70,hypothetical_action,-6.0000,-4.200000,-4.200000,-1.200000
cost01-fixed-fee-v1,cost01-synthetic-01,synthetic_scenario,EUR_scenario,S20_m20_H2,REFERENCE,1.00,fixed_reference,0.00,0.0000,0.0000,6.0000
cost01-fixed-fee-v1,cost01-synthetic-01,synthetic_scenario,EUR_scenario,S20_m20_H2,ABSORB,1.00,fixed_reference,-6.00,-6.0000,-6.0000,0.0000
cost01-fixed-fee-v1,cost01-synthetic-01,synthetic_scenario,EUR_scenario,S20_m20_H2,PASS_HALF,1.00,hypothetical_action,-3.00,-3.0000,-3.0000,3.0000
cost01-fixed-fee-v1,cost01-synthetic-01,synthetic_scenario,EUR_scenario,S20_m20_H2,PASS_HALF,0.95,hypothetical_action,-3.00,-2.8500,-2.8500,3.1500
cost01-fixed-fee-v1,cost01-synthetic-01,synthetic_scenario,EUR_scenario,S20_m20_H2,PASS_HALF,0.90,hypothetical_action,-3.00,-2.7000,-2.7000,3.3000
cost01-fixed-fee-v1,cost01-synthetic-01,synthetic_scenario,EUR_scenario,S20_m20_H2,PASS_HALF,0.80,hypothetical_action,-3.00,-2.4000,-2.4000,3.6000
cost01-fixed-fee-v1,cost01-synthetic-01,synthetic_scenario,EUR_scenario,S20_m20_H2,PASS_HALF,0.70,hypothetical_action,-3.00,-2.1000,-2.1000,3.9000
cost01-fixed-fee-v1,cost01-synthetic-01,synthetic_scenario,EUR_scenario,S20_m20_H2,PASS_FULL,1.00,hypothetical_action,0.00,0.0000,0.0000,6.0000
cost01-fixed-fee-v1,cost01-synthetic-01,synthetic_scenario,EUR_scenario,S20_m20_H2,PASS_FULL,0.95,hypothetical_action,0.00,0.0000,0.0000,6.0000
cost01-fixed-fee-v1,cost01-synthetic-01,synthetic_scenario,EUR_scenario,S20_m20_H2,PASS_FULL,0.90,hypothetical_action,0.00,0.0000,0.0000,6.0000
cost01-fixed-fee-v1,cost01-synthetic-01,synthetic_scenario,EUR_scenario,S20_m20_H2,PASS_FULL,0.80,hypothetical_action,0.00,0.0000,0.0000,6.0000
cost01-fixed-fee-v1,cost01-synthetic-01,synthetic_scenario,EUR_scenario,S20_m20_H2,PASS_FULL,0.70,hypothetical_action,0.00,0.0000,0.0000,6.0000
cost01-fixed-fee-v1,cost01-synthetic-01,synthetic_scenario,EUR_scenario,S20_m20_H2,ADD_SAME_CATEGORY,1.00,hypothetical_action,-6.0000,-6.000000,-6.000000,0.000000
cost01-fixed-fee-v1,cost01-synthetic-01,synthetic_scenario,EUR_scenario,S20_m20_H2,ADD_SAME_CATEGORY,0.95,hypothetical_action,-6.0000,-5.700000,-5.700000,0.300000
cost01-fixed-fee-v1,cost01-synthetic-01,synthetic_scenario,EUR_scenario,S20_m20_H2,ADD_SAME_CATEGORY,0.90,hypothetical_action,-6.0000,-5.400000,-5.400000,0.600000
cost01-fixed-fee-v1,cost01-synthetic-01,synthetic_scenario,EUR_scenario,S20_m20_H2,ADD_SAME_CATEGORY,0.80,hypothetical_action,-6.0000,-4.800000,-4.800000,1.200000
cost01-fixed-fee-v1,cost01-synthetic-01,synthetic_scenario,EUR_scenario,S20_m20_H2,ADD_SAME_CATEGORY,0.70,hypothetical_action,-6.0000,-4.200000,-4.200000,1.800000
cost01-fixed-fee-v1,cost01-synthetic-01,synthetic_scenario,EUR_scenario,S20_m20_H2,ADD_NEW_CATEGORY,1.00,hypothetical_action,-9.0000,-9.000000,-9.000000,-3.000000
cost01-fixed-fee-v1,cost01-synthetic-01,synthetic_scenario,EUR_scenario,S20_m20_H2,ADD_NEW_CATEGORY,0.95,hypothetical_action,-9.0000,-8.550000,-8.550000,-2.550000
cost01-fixed-fee-v1,cost01-synthetic-01,synthetic_scenario,EUR_scenario,S20_m20_H2,ADD_NEW_CATEGORY,0.90,hypothetical_action,-9.0000,-8.100000,-8.100000,-2.100000
cost01-fixed-fee-v1,cost01-synthetic-01,synthetic_scenario,EUR_scenario,S20_m20_H2,ADD_NEW_CATEGORY,0.80,hypothetical_action,-9.0000,-7.200000,-7.200000,-1.200000
cost01-fixed-fee-v1,cost01-synthetic-01,synthetic_scenario,EUR_scenario,S20_m20_H2,ADD_NEW_CATEGORY,0.70,hypothetical_action,-9.0000,-6.300000,-6.300000,-0.300000
cost01-fixed-fee-v1,cost01-synthetic-01,synthetic_scenario,EUR_scenario,S20_m20_H3,REFERENCE,1.00,fixed_reference,0.00,0.0000,0.0000,9.0000
cost01-fixed-fee-v1,cost01-synthetic-01,synthetic_scenario,EUR_scenario,S20_m20_H3,ABSORB,1.00,fixed_reference,-9.00,-9.0000,-9.0000,0.0000
cost01-fixed-fee-v1,cost01-synthetic-01,synthetic_scenario,EUR_scenario,S20_m20_H3,PASS_HALF,1.00,hypothetical_action,-4.50,-4.5000,-4.5000,4.5000
cost01-fixed-fee-v1,cost01-synthetic-01,synthetic_scenario,EUR_scenario,S20_m20_H3,PASS_HALF,0.95,hypothetical_action,-4.50,-4.2750,-4.2750,4.7250
cost01-fixed-fee-v1,cost01-synthetic-01,synthetic_scenario,EUR_scenario,S20_m20_H3,PASS_HALF,0.90,hypothetical_action,-4.50,-4.0500,-4.0500,4.9500
cost01-fixed-fee-v1,cost01-synthetic-01,synthetic_scenario,EUR_scenario,S20_m20_H3,PASS_HALF,0.80,hypothetical_action,-4.50,-3.6000,-3.6000,5.4000
cost01-fixed-fee-v1,cost01-synthetic-01,synthetic_scenario,EUR_scenario,S20_m20_H3,PASS_HALF,0.70,hypothetical_action,-4.50,-3.1500,-3.1500,5.8500
cost01-fixed-fee-v1,cost01-synthetic-01,synthetic_scenario,EUR_scenario,S20_m20_H3,PASS_FULL,1.00,hypothetical_action,0.00,0.0000,0.0000,9.0000
cost01-fixed-fee-v1,cost01-synthetic-01,synthetic_scenario,EUR_scenario,S20_m20_H3,PASS_FULL,0.95,hypothetical_action,0.00,0.0000,0.0000,9.0000
cost01-fixed-fee-v1,cost01-synthetic-01,synthetic_scenario,EUR_scenario,S20_m20_H3,PASS_FULL,0.90,hypothetical_action,0.00,0.0000,0.0000,9.0000
cost01-fixed-fee-v1,cost01-synthetic-01,synthetic_scenario,EUR_scenario,S20_m20_H3,PASS_FULL,0.80,hypothetical_action,0.00,0.0000,0.0000,9.0000
cost01-fixed-fee-v1,cost01-synthetic-01,synthetic_scenario,EUR_scenario,S20_m20_H3,PASS_FULL,0.70,hypothetical_action,0.00,0.0000,0.0000,9.0000
cost01-fixed-fee-v1,cost01-synthetic-01,synthetic_scenario,EUR_scenario,S20_m20_H3,ADD_SAME_CATEGORY,1.00,hypothetical_action,-9.0000,-9.000000,-9.000000,0.000000
cost01-fixed-fee-v1,cost01-synthetic-01,synthetic_scenario,EUR_scenario,S20_m20_H3,ADD_SAME_CATEGORY,0.95,hypothetical_action,-9.0000,-8.550000,-8.550000,0.450000
cost01-fixed-fee-v1,cost01-synthetic-01,synthetic_scenario,EUR_scenario,S20_m20_H3,ADD_SAME_CATEGORY,0.90,hypothetical_action,-9.0000,-8.100000,-8.100000,0.900000
cost01-fixed-fee-v1,cost01-synthetic-01,synthetic_scenario,EUR_scenario,S20_m20_H3,ADD_SAME_CATEGORY,0.80,hypothetical_action,-9.0000,-7.200000,-7.200000,1.800000
cost01-fixed-fee-v1,cost01-synthetic-01,synthetic_scenario,EUR_scenario,S20_m20_H3,ADD_SAME_CATEGORY,0.70,hypothetical_action,-9.0000,-6.300000,-6.300000,2.700000
cost01-fixed-fee-v1,cost01-synthetic-01,synthetic_scenario,EUR_scenario,S20_m20_H3,ADD_NEW_CATEGORY,1.00,hypothetical_action,-12.0000,-12.000000,-12.000000,-3.000000
cost01-fixed-fee-v1,cost01-synthetic-01,synthetic_scenario,EUR_scenario,S20_m20_H3,ADD_NEW_CATEGORY,0.95,hypothetical_action,-12.0000,-11.400000,-11.400000,-2.400000
cost01-fixed-fee-v1,cost01-synthetic-01,synthetic_scenario,EUR_scenario,S20_m20_H3,ADD_NEW_CATEGORY,0.90,hypothetical_action,-12.0000,-10.800000,-10.800000,-1.800000
cost01-fixed-fee-v1,cost01-synthetic-01,synthetic_scenario,EUR_scenario,S20_m20_H3,ADD_NEW_CATEGORY,0.80,hypothetical_action,-12.0000,-9.600000,-9.600000,-0.600000
cost01-fixed-fee-v1,cost01-synthetic-01,synthetic_scenario,EUR_scenario,S20_m20_H3,ADD_NEW_CATEGORY,0.70,hypothetical_action,-12.0000,-8.400000,-8.400000,0.600000
cost01-fixed-fee-v1,cost01-synthetic-01,synthetic_scenario,EUR_scenario,S20_m30_H1,REFERENCE,1.00,fixed_reference,2.00,2.0000,0.0000,3.0000
cost01-fixed-fee-v1,cost01-synthetic-01,synthetic_scenario,EUR_scenario,S20_m30_H1,ABSORB,1.00,fixed_reference,-1.00,-1.0000,-3.0000,0.0000
cost01-fixed-fee-v1,cost01-synthetic-01,synthetic_scenario,EUR_scenario,S20_m30_H1,PASS_HALF,1.00,hypothetical_action,0.50,0.5000,-1.5000,1.5000
cost01-fixed-fee-v1,cost01-synthetic-01,synthetic_scenario,EUR_scenario,S20_m30_H1,PASS_HALF,0.95,hypothetical_action,0.50,0.4750,-1.5250,1.4750
cost01-fixed-fee-v1,cost01-synthetic-01,synthetic_scenario,EUR_scenario,S20_m30_H1,PASS_HALF,0.90,hypothetical_action,0.50,0.4500,-1.5500,1.4500
cost01-fixed-fee-v1,cost01-synthetic-01,synthetic_scenario,EUR_scenario,S20_m30_H1,PASS_HALF,0.80,hypothetical_action,0.50,0.4000,-1.6000,1.4000
cost01-fixed-fee-v1,cost01-synthetic-01,synthetic_scenario,EUR_scenario,S20_m30_H1,PASS_HALF,0.70,hypothetical_action,0.50,0.3500,-1.6500,1.3500
cost01-fixed-fee-v1,cost01-synthetic-01,synthetic_scenario,EUR_scenario,S20_m30_H1,PASS_FULL,1.00,hypothetical_action,2.00,2.0000,0.0000,3.0000
cost01-fixed-fee-v1,cost01-synthetic-01,synthetic_scenario,EUR_scenario,S20_m30_H1,PASS_FULL,0.95,hypothetical_action,2.00,1.9000,-0.1000,2.9000
cost01-fixed-fee-v1,cost01-synthetic-01,synthetic_scenario,EUR_scenario,S20_m30_H1,PASS_FULL,0.90,hypothetical_action,2.00,1.8000,-0.2000,2.8000
cost01-fixed-fee-v1,cost01-synthetic-01,synthetic_scenario,EUR_scenario,S20_m30_H1,PASS_FULL,0.80,hypothetical_action,2.00,1.6000,-0.4000,2.6000
cost01-fixed-fee-v1,cost01-synthetic-01,synthetic_scenario,EUR_scenario,S20_m30_H1,PASS_FULL,0.70,hypothetical_action,2.00,1.4000,-0.6000,2.4000
cost01-fixed-fee-v1,cost01-synthetic-01,synthetic_scenario,EUR_scenario,S20_m30_H1,ADD_SAME_CATEGORY,1.00,hypothetical_action,-0.5000,-0.500000,-2.500000,0.500000
cost01-fixed-fee-v1,cost01-synthetic-01,synthetic_scenario,EUR_scenario,S20_m30_H1,ADD_SAME_CATEGORY,0.95,hypothetical_action,-0.5000,-0.475000,-2.475000,0.525000
cost01-fixed-fee-v1,cost01-synthetic-01,synthetic_scenario,EUR_scenario,S20_m30_H1,ADD_SAME_CATEGORY,0.90,hypothetical_action,-0.5000,-0.450000,-2.450000,0.550000
cost01-fixed-fee-v1,cost01-synthetic-01,synthetic_scenario,EUR_scenario,S20_m30_H1,ADD_SAME_CATEGORY,0.80,hypothetical_action,-0.5000,-0.400000,-2.400000,0.600000
cost01-fixed-fee-v1,cost01-synthetic-01,synthetic_scenario,EUR_scenario,S20_m30_H1,ADD_SAME_CATEGORY,0.70,hypothetical_action,-0.5000,-0.350000,-2.350000,0.650000
cost01-fixed-fee-v1,cost01-synthetic-01,synthetic_scenario,EUR_scenario,S20_m30_H1,ADD_NEW_CATEGORY,1.00,hypothetical_action,-3.5000,-3.500000,-5.500000,-2.500000
cost01-fixed-fee-v1,cost01-synthetic-01,synthetic_scenario,EUR_scenario,S20_m30_H1,ADD_NEW_CATEGORY,0.95,hypothetical_action,-3.5000,-3.325000,-5.325000,-2.325000
cost01-fixed-fee-v1,cost01-synthetic-01,synthetic_scenario,EUR_scenario,S20_m30_H1,ADD_NEW_CATEGORY,0.90,hypothetical_action,-3.5000,-3.150000,-5.150000,-2.150000
cost01-fixed-fee-v1,cost01-synthetic-01,synthetic_scenario,EUR_scenario,S20_m30_H1,ADD_NEW_CATEGORY,0.80,hypothetical_action,-3.5000,-2.800000,-4.800000,-1.800000
cost01-fixed-fee-v1,cost01-synthetic-01,synthetic_scenario,EUR_scenario,S20_m30_H1,ADD_NEW_CATEGORY,0.70,hypothetical_action,-3.5000,-2.450000,-4.450000,-1.450000
cost01-fixed-fee-v1,cost01-synthetic-01,synthetic_scenario,EUR_scenario,S20_m30_H2,REFERENCE,1.00,fixed_reference,2.00,2.0000,0.0000,6.0000
cost01-fixed-fee-v1,cost01-synthetic-01,synthetic_scenario,EUR_scenario,S20_m30_H2,ABSORB,1.00,fixed_reference,-4.00,-4.0000,-6.0000,0.0000
cost01-fixed-fee-v1,cost01-synthetic-01,synthetic_scenario,EUR_scenario,S20_m30_H2,PASS_HALF,1.00,hypothetical_action,-1.00,-1.0000,-3.0000,3.0000
cost01-fixed-fee-v1,cost01-synthetic-01,synthetic_scenario,EUR_scenario,S20_m30_H2,PASS_HALF,0.95,hypothetical_action,-1.00,-0.9500,-2.9500,3.0500
cost01-fixed-fee-v1,cost01-synthetic-01,synthetic_scenario,EUR_scenario,S20_m30_H2,PASS_HALF,0.90,hypothetical_action,-1.00,-0.9000,-2.9000,3.1000
cost01-fixed-fee-v1,cost01-synthetic-01,synthetic_scenario,EUR_scenario,S20_m30_H2,PASS_HALF,0.80,hypothetical_action,-1.00,-0.8000,-2.8000,3.2000
cost01-fixed-fee-v1,cost01-synthetic-01,synthetic_scenario,EUR_scenario,S20_m30_H2,PASS_HALF,0.70,hypothetical_action,-1.00,-0.7000,-2.7000,3.3000
cost01-fixed-fee-v1,cost01-synthetic-01,synthetic_scenario,EUR_scenario,S20_m30_H2,PASS_FULL,1.00,hypothetical_action,2.00,2.0000,0.0000,6.0000
cost01-fixed-fee-v1,cost01-synthetic-01,synthetic_scenario,EUR_scenario,S20_m30_H2,PASS_FULL,0.95,hypothetical_action,2.00,1.9000,-0.1000,5.9000
cost01-fixed-fee-v1,cost01-synthetic-01,synthetic_scenario,EUR_scenario,S20_m30_H2,PASS_FULL,0.90,hypothetical_action,2.00,1.8000,-0.2000,5.8000
cost01-fixed-fee-v1,cost01-synthetic-01,synthetic_scenario,EUR_scenario,S20_m30_H2,PASS_FULL,0.80,hypothetical_action,2.00,1.6000,-0.4000,5.6000
cost01-fixed-fee-v1,cost01-synthetic-01,synthetic_scenario,EUR_scenario,S20_m30_H2,PASS_FULL,0.70,hypothetical_action,2.00,1.4000,-0.6000,5.4000
cost01-fixed-fee-v1,cost01-synthetic-01,synthetic_scenario,EUR_scenario,S20_m30_H2,ADD_SAME_CATEGORY,1.00,hypothetical_action,-3.5000,-3.500000,-5.500000,0.500000
cost01-fixed-fee-v1,cost01-synthetic-01,synthetic_scenario,EUR_scenario,S20_m30_H2,ADD_SAME_CATEGORY,0.95,hypothetical_action,-3.5000,-3.325000,-5.325000,0.675000
cost01-fixed-fee-v1,cost01-synthetic-01,synthetic_scenario,EUR_scenario,S20_m30_H2,ADD_SAME_CATEGORY,0.90,hypothetical_action,-3.5000,-3.150000,-5.150000,0.850000
cost01-fixed-fee-v1,cost01-synthetic-01,synthetic_scenario,EUR_scenario,S20_m30_H2,ADD_SAME_CATEGORY,0.80,hypothetical_action,-3.5000,-2.800000,-4.800000,1.200000
cost01-fixed-fee-v1,cost01-synthetic-01,synthetic_scenario,EUR_scenario,S20_m30_H2,ADD_SAME_CATEGORY,0.70,hypothetical_action,-3.5000,-2.450000,-4.450000,1.550000
cost01-fixed-fee-v1,cost01-synthetic-01,synthetic_scenario,EUR_scenario,S20_m30_H2,ADD_NEW_CATEGORY,1.00,hypothetical_action,-6.5000,-6.500000,-8.500000,-2.500000
cost01-fixed-fee-v1,cost01-synthetic-01,synthetic_scenario,EUR_scenario,S20_m30_H2,ADD_NEW_CATEGORY,0.95,hypothetical_action,-6.5000,-6.175000,-8.175000,-2.175000
cost01-fixed-fee-v1,cost01-synthetic-01,synthetic_scenario,EUR_scenario,S20_m30_H2,ADD_NEW_CATEGORY,0.90,hypothetical_action,-6.5000,-5.850000,-7.850000,-1.850000
cost01-fixed-fee-v1,cost01-synthetic-01,synthetic_scenario,EUR_scenario,S20_m30_H2,ADD_NEW_CATEGORY,0.80,hypothetical_action,-6.5000,-5.200000,-7.200000,-1.200000
cost01-fixed-fee-v1,cost01-synthetic-01,synthetic_scenario,EUR_scenario,S20_m30_H2,ADD_NEW_CATEGORY,0.70,hypothetical_action,-6.5000,-4.550000,-6.550000,-0.550000
cost01-fixed-fee-v1,cost01-synthetic-01,synthetic_scenario,EUR_scenario,S20_m30_H3,REFERENCE,1.00,fixed_reference,2.00,2.0000,0.0000,9.0000
cost01-fixed-fee-v1,cost01-synthetic-01,synthetic_scenario,EUR_scenario,S20_m30_H3,ABSORB,1.00,fixed_reference,-7.00,-7.0000,-9.0000,0.0000
cost01-fixed-fee-v1,cost01-synthetic-01,synthetic_scenario,EUR_scenario,S20_m30_H3,PASS_HALF,1.00,hypothetical_action,-2.50,-2.5000,-4.5000,4.5000
cost01-fixed-fee-v1,cost01-synthetic-01,synthetic_scenario,EUR_scenario,S20_m30_H3,PASS_HALF,0.95,hypothetical_action,-2.50,-2.3750,-4.3750,4.6250
cost01-fixed-fee-v1,cost01-synthetic-01,synthetic_scenario,EUR_scenario,S20_m30_H3,PASS_HALF,0.90,hypothetical_action,-2.50,-2.2500,-4.2500,4.7500
cost01-fixed-fee-v1,cost01-synthetic-01,synthetic_scenario,EUR_scenario,S20_m30_H3,PASS_HALF,0.80,hypothetical_action,-2.50,-2.0000,-4.0000,5.0000
cost01-fixed-fee-v1,cost01-synthetic-01,synthetic_scenario,EUR_scenario,S20_m30_H3,PASS_HALF,0.70,hypothetical_action,-2.50,-1.7500,-3.7500,5.2500
cost01-fixed-fee-v1,cost01-synthetic-01,synthetic_scenario,EUR_scenario,S20_m30_H3,PASS_FULL,1.00,hypothetical_action,2.00,2.0000,0.0000,9.0000
cost01-fixed-fee-v1,cost01-synthetic-01,synthetic_scenario,EUR_scenario,S20_m30_H3,PASS_FULL,0.95,hypothetical_action,2.00,1.9000,-0.1000,8.9000
cost01-fixed-fee-v1,cost01-synthetic-01,synthetic_scenario,EUR_scenario,S20_m30_H3,PASS_FULL,0.90,hypothetical_action,2.00,1.8000,-0.2000,8.8000
cost01-fixed-fee-v1,cost01-synthetic-01,synthetic_scenario,EUR_scenario,S20_m30_H3,PASS_FULL,0.80,hypothetical_action,2.00,1.6000,-0.4000,8.6000
cost01-fixed-fee-v1,cost01-synthetic-01,synthetic_scenario,EUR_scenario,S20_m30_H3,PASS_FULL,0.70,hypothetical_action,2.00,1.4000,-0.6000,8.4000
cost01-fixed-fee-v1,cost01-synthetic-01,synthetic_scenario,EUR_scenario,S20_m30_H3,ADD_SAME_CATEGORY,1.00,hypothetical_action,-6.5000,-6.500000,-8.500000,0.500000
cost01-fixed-fee-v1,cost01-synthetic-01,synthetic_scenario,EUR_scenario,S20_m30_H3,ADD_SAME_CATEGORY,0.95,hypothetical_action,-6.5000,-6.175000,-8.175000,0.825000
cost01-fixed-fee-v1,cost01-synthetic-01,synthetic_scenario,EUR_scenario,S20_m30_H3,ADD_SAME_CATEGORY,0.90,hypothetical_action,-6.5000,-5.850000,-7.850000,1.150000
cost01-fixed-fee-v1,cost01-synthetic-01,synthetic_scenario,EUR_scenario,S20_m30_H3,ADD_SAME_CATEGORY,0.80,hypothetical_action,-6.5000,-5.200000,-7.200000,1.800000
cost01-fixed-fee-v1,cost01-synthetic-01,synthetic_scenario,EUR_scenario,S20_m30_H3,ADD_SAME_CATEGORY,0.70,hypothetical_action,-6.5000,-4.550000,-6.550000,2.450000
cost01-fixed-fee-v1,cost01-synthetic-01,synthetic_scenario,EUR_scenario,S20_m30_H3,ADD_NEW_CATEGORY,1.00,hypothetical_action,-9.5000,-9.500000,-11.500000,-2.500000
cost01-fixed-fee-v1,cost01-synthetic-01,synthetic_scenario,EUR_scenario,S20_m30_H3,ADD_NEW_CATEGORY,0.95,hypothetical_action,-9.5000,-9.025000,-11.025000,-2.025000
cost01-fixed-fee-v1,cost01-synthetic-01,synthetic_scenario,EUR_scenario,S20_m30_H3,ADD_NEW_CATEGORY,0.90,hypothetical_action,-9.5000,-8.550000,-10.550000,-1.550000
cost01-fixed-fee-v1,cost01-synthetic-01,synthetic_scenario,EUR_scenario,S20_m30_H3,ADD_NEW_CATEGORY,0.80,hypothetical_action,-9.5000,-7.600000,-9.600000,-0.600000
cost01-fixed-fee-v1,cost01-synthetic-01,synthetic_scenario,EUR_scenario,S20_m30_H3,ADD_NEW_CATEGORY,0.70,hypothetical_action,-9.5000,-6.650000,-8.650000,0.350000
cost01-fixed-fee-v1,cost01-synthetic-01,synthetic_scenario,EUR_scenario,S20_m40_H1,REFERENCE,1.00,fixed_reference,4.00,4.0000,0.0000,3.0000
cost01-fixed-fee-v1,cost01-synthetic-01,synthetic_scenario,EUR_scenario,S20_m40_H1,ABSORB,1.00,fixed_reference,1.00,1.0000,-3.0000,0.0000
cost01-fixed-fee-v1,cost01-synthetic-01,synthetic_scenario,EUR_scenario,S20_m40_H1,PASS_HALF,1.00,hypothetical_action,2.50,2.5000,-1.5000,1.5000
cost01-fixed-fee-v1,cost01-synthetic-01,synthetic_scenario,EUR_scenario,S20_m40_H1,PASS_HALF,0.95,hypothetical_action,2.50,2.3750,-1.6250,1.3750
cost01-fixed-fee-v1,cost01-synthetic-01,synthetic_scenario,EUR_scenario,S20_m40_H1,PASS_HALF,0.90,hypothetical_action,2.50,2.2500,-1.7500,1.2500
cost01-fixed-fee-v1,cost01-synthetic-01,synthetic_scenario,EUR_scenario,S20_m40_H1,PASS_HALF,0.80,hypothetical_action,2.50,2.0000,-2.0000,1.0000
cost01-fixed-fee-v1,cost01-synthetic-01,synthetic_scenario,EUR_scenario,S20_m40_H1,PASS_HALF,0.70,hypothetical_action,2.50,1.7500,-2.2500,0.7500
cost01-fixed-fee-v1,cost01-synthetic-01,synthetic_scenario,EUR_scenario,S20_m40_H1,PASS_FULL,1.00,hypothetical_action,4.00,4.0000,0.0000,3.0000
cost01-fixed-fee-v1,cost01-synthetic-01,synthetic_scenario,EUR_scenario,S20_m40_H1,PASS_FULL,0.95,hypothetical_action,4.00,3.8000,-0.2000,2.8000
cost01-fixed-fee-v1,cost01-synthetic-01,synthetic_scenario,EUR_scenario,S20_m40_H1,PASS_FULL,0.90,hypothetical_action,4.00,3.6000,-0.4000,2.6000
cost01-fixed-fee-v1,cost01-synthetic-01,synthetic_scenario,EUR_scenario,S20_m40_H1,PASS_FULL,0.80,hypothetical_action,4.00,3.2000,-0.8000,2.2000
cost01-fixed-fee-v1,cost01-synthetic-01,synthetic_scenario,EUR_scenario,S20_m40_H1,PASS_FULL,0.70,hypothetical_action,4.00,2.8000,-1.2000,1.8000
cost01-fixed-fee-v1,cost01-synthetic-01,synthetic_scenario,EUR_scenario,S20_m40_H1,ADD_SAME_CATEGORY,1.00,hypothetical_action,2.0000,2.000000,-2.000000,1.000000
cost01-fixed-fee-v1,cost01-synthetic-01,synthetic_scenario,EUR_scenario,S20_m40_H1,ADD_SAME_CATEGORY,0.95,hypothetical_action,2.0000,1.900000,-2.100000,0.900000
cost01-fixed-fee-v1,cost01-synthetic-01,synthetic_scenario,EUR_scenario,S20_m40_H1,ADD_SAME_CATEGORY,0.90,hypothetical_action,2.0000,1.800000,-2.200000,0.800000
cost01-fixed-fee-v1,cost01-synthetic-01,synthetic_scenario,EUR_scenario,S20_m40_H1,ADD_SAME_CATEGORY,0.80,hypothetical_action,2.0000,1.600000,-2.400000,0.600000
cost01-fixed-fee-v1,cost01-synthetic-01,synthetic_scenario,EUR_scenario,S20_m40_H1,ADD_SAME_CATEGORY,0.70,hypothetical_action,2.0000,1.400000,-2.600000,0.400000
cost01-fixed-fee-v1,cost01-synthetic-01,synthetic_scenario,EUR_scenario,S20_m40_H1,ADD_NEW_CATEGORY,1.00,hypothetical_action,-1.0000,-1.000000,-5.000000,-2.000000
cost01-fixed-fee-v1,cost01-synthetic-01,synthetic_scenario,EUR_scenario,S20_m40_H1,ADD_NEW_CATEGORY,0.95,hypothetical_action,-1.0000,-0.950000,-4.950000,-1.950000
cost01-fixed-fee-v1,cost01-synthetic-01,synthetic_scenario,EUR_scenario,S20_m40_H1,ADD_NEW_CATEGORY,0.90,hypothetical_action,-1.0000,-0.900000,-4.900000,-1.900000
cost01-fixed-fee-v1,cost01-synthetic-01,synthetic_scenario,EUR_scenario,S20_m40_H1,ADD_NEW_CATEGORY,0.80,hypothetical_action,-1.0000,-0.800000,-4.800000,-1.800000
cost01-fixed-fee-v1,cost01-synthetic-01,synthetic_scenario,EUR_scenario,S20_m40_H1,ADD_NEW_CATEGORY,0.70,hypothetical_action,-1.0000,-0.700000,-4.700000,-1.700000
cost01-fixed-fee-v1,cost01-synthetic-01,synthetic_scenario,EUR_scenario,S20_m40_H2,REFERENCE,1.00,fixed_reference,4.00,4.0000,0.0000,6.0000
cost01-fixed-fee-v1,cost01-synthetic-01,synthetic_scenario,EUR_scenario,S20_m40_H2,ABSORB,1.00,fixed_reference,-2.00,-2.0000,-6.0000,0.0000
cost01-fixed-fee-v1,cost01-synthetic-01,synthetic_scenario,EUR_scenario,S20_m40_H2,PASS_HALF,1.00,hypothetical_action,1.00,1.0000,-3.0000,3.0000
cost01-fixed-fee-v1,cost01-synthetic-01,synthetic_scenario,EUR_scenario,S20_m40_H2,PASS_HALF,0.95,hypothetical_action,1.00,0.9500,-3.0500,2.9500
cost01-fixed-fee-v1,cost01-synthetic-01,synthetic_scenario,EUR_scenario,S20_m40_H2,PASS_HALF,0.90,hypothetical_action,1.00,0.9000,-3.1000,2.9000
cost01-fixed-fee-v1,cost01-synthetic-01,synthetic_scenario,EUR_scenario,S20_m40_H2,PASS_HALF,0.80,hypothetical_action,1.00,0.8000,-3.2000,2.8000
cost01-fixed-fee-v1,cost01-synthetic-01,synthetic_scenario,EUR_scenario,S20_m40_H2,PASS_HALF,0.70,hypothetical_action,1.00,0.7000,-3.3000,2.7000
cost01-fixed-fee-v1,cost01-synthetic-01,synthetic_scenario,EUR_scenario,S20_m40_H2,PASS_FULL,1.00,hypothetical_action,4.00,4.0000,0.0000,6.0000
cost01-fixed-fee-v1,cost01-synthetic-01,synthetic_scenario,EUR_scenario,S20_m40_H2,PASS_FULL,0.95,hypothetical_action,4.00,3.8000,-0.2000,5.8000
cost01-fixed-fee-v1,cost01-synthetic-01,synthetic_scenario,EUR_scenario,S20_m40_H2,PASS_FULL,0.90,hypothetical_action,4.00,3.6000,-0.4000,5.6000
cost01-fixed-fee-v1,cost01-synthetic-01,synthetic_scenario,EUR_scenario,S20_m40_H2,PASS_FULL,0.80,hypothetical_action,4.00,3.2000,-0.8000,5.2000
cost01-fixed-fee-v1,cost01-synthetic-01,synthetic_scenario,EUR_scenario,S20_m40_H2,PASS_FULL,0.70,hypothetical_action,4.00,2.8000,-1.2000,4.8000
cost01-fixed-fee-v1,cost01-synthetic-01,synthetic_scenario,EUR_scenario,S20_m40_H2,ADD_SAME_CATEGORY,1.00,hypothetical_action,-1.0000,-1.000000,-5.000000,1.000000
cost01-fixed-fee-v1,cost01-synthetic-01,synthetic_scenario,EUR_scenario,S20_m40_H2,ADD_SAME_CATEGORY,0.95,hypothetical_action,-1.0000,-0.950000,-4.950000,1.050000
cost01-fixed-fee-v1,cost01-synthetic-01,synthetic_scenario,EUR_scenario,S20_m40_H2,ADD_SAME_CATEGORY,0.90,hypothetical_action,-1.0000,-0.900000,-4.900000,1.100000
cost01-fixed-fee-v1,cost01-synthetic-01,synthetic_scenario,EUR_scenario,S20_m40_H2,ADD_SAME_CATEGORY,0.80,hypothetical_action,-1.0000,-0.800000,-4.800000,1.200000
cost01-fixed-fee-v1,cost01-synthetic-01,synthetic_scenario,EUR_scenario,S20_m40_H2,ADD_SAME_CATEGORY,0.70,hypothetical_action,-1.0000,-0.700000,-4.700000,1.300000
cost01-fixed-fee-v1,cost01-synthetic-01,synthetic_scenario,EUR_scenario,S20_m40_H2,ADD_NEW_CATEGORY,1.00,hypothetical_action,-4.0000,-4.000000,-8.000000,-2.000000
cost01-fixed-fee-v1,cost01-synthetic-01,synthetic_scenario,EUR_scenario,S20_m40_H2,ADD_NEW_CATEGORY,0.95,hypothetical_action,-4.0000,-3.800000,-7.800000,-1.800000
cost01-fixed-fee-v1,cost01-synthetic-01,synthetic_scenario,EUR_scenario,S20_m40_H2,ADD_NEW_CATEGORY,0.90,hypothetical_action,-4.0000,-3.600000,-7.600000,-1.600000
cost01-fixed-fee-v1,cost01-synthetic-01,synthetic_scenario,EUR_scenario,S20_m40_H2,ADD_NEW_CATEGORY,0.80,hypothetical_action,-4.0000,-3.200000,-7.200000,-1.200000
cost01-fixed-fee-v1,cost01-synthetic-01,synthetic_scenario,EUR_scenario,S20_m40_H2,ADD_NEW_CATEGORY,0.70,hypothetical_action,-4.0000,-2.800000,-6.800000,-0.800000
cost01-fixed-fee-v1,cost01-synthetic-01,synthetic_scenario,EUR_scenario,S20_m40_H3,REFERENCE,1.00,fixed_reference,4.00,4.0000,0.0000,9.0000
cost01-fixed-fee-v1,cost01-synthetic-01,synthetic_scenario,EUR_scenario,S20_m40_H3,ABSORB,1.00,fixed_reference,-5.00,-5.0000,-9.0000,0.0000
cost01-fixed-fee-v1,cost01-synthetic-01,synthetic_scenario,EUR_scenario,S20_m40_H3,PASS_HALF,1.00,hypothetical_action,-0.50,-0.5000,-4.5000,4.5000
cost01-fixed-fee-v1,cost01-synthetic-01,synthetic_scenario,EUR_scenario,S20_m40_H3,PASS_HALF,0.95,hypothetical_action,-0.50,-0.4750,-4.4750,4.5250
cost01-fixed-fee-v1,cost01-synthetic-01,synthetic_scenario,EUR_scenario,S20_m40_H3,PASS_HALF,0.90,hypothetical_action,-0.50,-0.4500,-4.4500,4.5500
cost01-fixed-fee-v1,cost01-synthetic-01,synthetic_scenario,EUR_scenario,S20_m40_H3,PASS_HALF,0.80,hypothetical_action,-0.50,-0.4000,-4.4000,4.6000
cost01-fixed-fee-v1,cost01-synthetic-01,synthetic_scenario,EUR_scenario,S20_m40_H3,PASS_HALF,0.70,hypothetical_action,-0.50,-0.3500,-4.3500,4.6500
cost01-fixed-fee-v1,cost01-synthetic-01,synthetic_scenario,EUR_scenario,S20_m40_H3,PASS_FULL,1.00,hypothetical_action,4.00,4.0000,0.0000,9.0000
cost01-fixed-fee-v1,cost01-synthetic-01,synthetic_scenario,EUR_scenario,S20_m40_H3,PASS_FULL,0.95,hypothetical_action,4.00,3.8000,-0.2000,8.8000
cost01-fixed-fee-v1,cost01-synthetic-01,synthetic_scenario,EUR_scenario,S20_m40_H3,PASS_FULL,0.90,hypothetical_action,4.00,3.6000,-0.4000,8.6000
cost01-fixed-fee-v1,cost01-synthetic-01,synthetic_scenario,EUR_scenario,S20_m40_H3,PASS_FULL,0.80,hypothetical_action,4.00,3.2000,-0.8000,8.2000
cost01-fixed-fee-v1,cost01-synthetic-01,synthetic_scenario,EUR_scenario,S20_m40_H3,PASS_FULL,0.70,hypothetical_action,4.00,2.8000,-1.2000,7.8000
cost01-fixed-fee-v1,cost01-synthetic-01,synthetic_scenario,EUR_scenario,S20_m40_H3,ADD_SAME_CATEGORY,1.00,hypothetical_action,-4.0000,-4.000000,-8.000000,1.000000
cost01-fixed-fee-v1,cost01-synthetic-01,synthetic_scenario,EUR_scenario,S20_m40_H3,ADD_SAME_CATEGORY,0.95,hypothetical_action,-4.0000,-3.800000,-7.800000,1.200000
cost01-fixed-fee-v1,cost01-synthetic-01,synthetic_scenario,EUR_scenario,S20_m40_H3,ADD_SAME_CATEGORY,0.90,hypothetical_action,-4.0000,-3.600000,-7.600000,1.400000
cost01-fixed-fee-v1,cost01-synthetic-01,synthetic_scenario,EUR_scenario,S20_m40_H3,ADD_SAME_CATEGORY,0.80,hypothetical_action,-4.0000,-3.200000,-7.200000,1.800000
cost01-fixed-fee-v1,cost01-synthetic-01,synthetic_scenario,EUR_scenario,S20_m40_H3,ADD_SAME_CATEGORY,0.70,hypothetical_action,-4.0000,-2.800000,-6.800000,2.200000
cost01-fixed-fee-v1,cost01-synthetic-01,synthetic_scenario,EUR_scenario,S20_m40_H3,ADD_NEW_CATEGORY,1.00,hypothetical_action,-7.0000,-7.000000,-11.000000,-2.000000
cost01-fixed-fee-v1,cost01-synthetic-01,synthetic_scenario,EUR_scenario,S20_m40_H3,ADD_NEW_CATEGORY,0.95,hypothetical_action,-7.0000,-6.650000,-10.650000,-1.650000
cost01-fixed-fee-v1,cost01-synthetic-01,synthetic_scenario,EUR_scenario,S20_m40_H3,ADD_NEW_CATEGORY,0.90,hypothetical_action,-7.0000,-6.300000,-10.300000,-1.300000
cost01-fixed-fee-v1,cost01-synthetic-01,synthetic_scenario,EUR_scenario,S20_m40_H3,ADD_NEW_CATEGORY,0.80,hypothetical_action,-7.0000,-5.600000,-9.600000,-0.600000
cost01-fixed-fee-v1,cost01-synthetic-01,synthetic_scenario,EUR_scenario,S20_m40_H3,ADD_NEW_CATEGORY,0.70,hypothetical_action,-7.0000,-4.900000,-8.900000,0.100000
cost01-fixed-fee-v1,cost01-synthetic-01,synthetic_scenario,EUR_scenario,S40_m20_H1,REFERENCE,1.00,fixed_reference,4.00,4.0000,0.0000,3.0000
cost01-fixed-fee-v1,cost01-synthetic-01,synthetic_scenario,EUR_scenario,S40_m20_H1,ABSORB,1.00,fixed_reference,1.00,1.0000,-3.0000,0.0000
cost01-fixed-fee-v1,cost01-synthetic-01,synthetic_scenario,EUR_scenario,S40_m20_H1,PASS_HALF,1.00,hypothetical_action,2.50,2.5000,-1.5000,1.5000
cost01-fixed-fee-v1,cost01-synthetic-01,synthetic_scenario,EUR_scenario,S40_m20_H1,PASS_HALF,0.95,hypothetical_action,2.50,2.3750,-1.6250,1.3750
cost01-fixed-fee-v1,cost01-synthetic-01,synthetic_scenario,EUR_scenario,S40_m20_H1,PASS_HALF,0.90,hypothetical_action,2.50,2.2500,-1.7500,1.2500
cost01-fixed-fee-v1,cost01-synthetic-01,synthetic_scenario,EUR_scenario,S40_m20_H1,PASS_HALF,0.80,hypothetical_action,2.50,2.0000,-2.0000,1.0000
cost01-fixed-fee-v1,cost01-synthetic-01,synthetic_scenario,EUR_scenario,S40_m20_H1,PASS_HALF,0.70,hypothetical_action,2.50,1.7500,-2.2500,0.7500
cost01-fixed-fee-v1,cost01-synthetic-01,synthetic_scenario,EUR_scenario,S40_m20_H1,PASS_FULL,1.00,hypothetical_action,4.00,4.0000,0.0000,3.0000
cost01-fixed-fee-v1,cost01-synthetic-01,synthetic_scenario,EUR_scenario,S40_m20_H1,PASS_FULL,0.95,hypothetical_action,4.00,3.8000,-0.2000,2.8000
cost01-fixed-fee-v1,cost01-synthetic-01,synthetic_scenario,EUR_scenario,S40_m20_H1,PASS_FULL,0.90,hypothetical_action,4.00,3.6000,-0.4000,2.6000
cost01-fixed-fee-v1,cost01-synthetic-01,synthetic_scenario,EUR_scenario,S40_m20_H1,PASS_FULL,0.80,hypothetical_action,4.00,3.2000,-0.8000,2.2000
cost01-fixed-fee-v1,cost01-synthetic-01,synthetic_scenario,EUR_scenario,S40_m20_H1,PASS_FULL,0.70,hypothetical_action,4.00,2.8000,-1.2000,1.8000
cost01-fixed-fee-v1,cost01-synthetic-01,synthetic_scenario,EUR_scenario,S40_m20_H1,ADD_SAME_CATEGORY,1.00,hypothetical_action,2.0000,2.000000,-2.000000,1.000000
cost01-fixed-fee-v1,cost01-synthetic-01,synthetic_scenario,EUR_scenario,S40_m20_H1,ADD_SAME_CATEGORY,0.95,hypothetical_action,2.0000,1.900000,-2.100000,0.900000
cost01-fixed-fee-v1,cost01-synthetic-01,synthetic_scenario,EUR_scenario,S40_m20_H1,ADD_SAME_CATEGORY,0.90,hypothetical_action,2.0000,1.800000,-2.200000,0.800000
cost01-fixed-fee-v1,cost01-synthetic-01,synthetic_scenario,EUR_scenario,S40_m20_H1,ADD_SAME_CATEGORY,0.80,hypothetical_action,2.0000,1.600000,-2.400000,0.600000
cost01-fixed-fee-v1,cost01-synthetic-01,synthetic_scenario,EUR_scenario,S40_m20_H1,ADD_SAME_CATEGORY,0.70,hypothetical_action,2.0000,1.400000,-2.600000,0.400000
cost01-fixed-fee-v1,cost01-synthetic-01,synthetic_scenario,EUR_scenario,S40_m20_H1,ADD_NEW_CATEGORY,1.00,hypothetical_action,-1.0000,-1.000000,-5.000000,-2.000000
cost01-fixed-fee-v1,cost01-synthetic-01,synthetic_scenario,EUR_scenario,S40_m20_H1,ADD_NEW_CATEGORY,0.95,hypothetical_action,-1.0000,-0.950000,-4.950000,-1.950000
cost01-fixed-fee-v1,cost01-synthetic-01,synthetic_scenario,EUR_scenario,S40_m20_H1,ADD_NEW_CATEGORY,0.90,hypothetical_action,-1.0000,-0.900000,-4.900000,-1.900000
cost01-fixed-fee-v1,cost01-synthetic-01,synthetic_scenario,EUR_scenario,S40_m20_H1,ADD_NEW_CATEGORY,0.80,hypothetical_action,-1.0000,-0.800000,-4.800000,-1.800000
cost01-fixed-fee-v1,cost01-synthetic-01,synthetic_scenario,EUR_scenario,S40_m20_H1,ADD_NEW_CATEGORY,0.70,hypothetical_action,-1.0000,-0.700000,-4.700000,-1.700000
cost01-fixed-fee-v1,cost01-synthetic-01,synthetic_scenario,EUR_scenario,S40_m20_H2,REFERENCE,1.00,fixed_reference,4.00,4.0000,0.0000,6.0000
cost01-fixed-fee-v1,cost01-synthetic-01,synthetic_scenario,EUR_scenario,S40_m20_H2,ABSORB,1.00,fixed_reference,-2.00,-2.0000,-6.0000,0.0000
cost01-fixed-fee-v1,cost01-synthetic-01,synthetic_scenario,EUR_scenario,S40_m20_H2,PASS_HALF,1.00,hypothetical_action,1.00,1.0000,-3.0000,3.0000
cost01-fixed-fee-v1,cost01-synthetic-01,synthetic_scenario,EUR_scenario,S40_m20_H2,PASS_HALF,0.95,hypothetical_action,1.00,0.9500,-3.0500,2.9500
cost01-fixed-fee-v1,cost01-synthetic-01,synthetic_scenario,EUR_scenario,S40_m20_H2,PASS_HALF,0.90,hypothetical_action,1.00,0.9000,-3.1000,2.9000
cost01-fixed-fee-v1,cost01-synthetic-01,synthetic_scenario,EUR_scenario,S40_m20_H2,PASS_HALF,0.80,hypothetical_action,1.00,0.8000,-3.2000,2.8000
cost01-fixed-fee-v1,cost01-synthetic-01,synthetic_scenario,EUR_scenario,S40_m20_H2,PASS_HALF,0.70,hypothetical_action,1.00,0.7000,-3.3000,2.7000
cost01-fixed-fee-v1,cost01-synthetic-01,synthetic_scenario,EUR_scenario,S40_m20_H2,PASS_FULL,1.00,hypothetical_action,4.00,4.0000,0.0000,6.0000
cost01-fixed-fee-v1,cost01-synthetic-01,synthetic_scenario,EUR_scenario,S40_m20_H2,PASS_FULL,0.95,hypothetical_action,4.00,3.8000,-0.2000,5.8000
cost01-fixed-fee-v1,cost01-synthetic-01,synthetic_scenario,EUR_scenario,S40_m20_H2,PASS_FULL,0.90,hypothetical_action,4.00,3.6000,-0.4000,5.6000
cost01-fixed-fee-v1,cost01-synthetic-01,synthetic_scenario,EUR_scenario,S40_m20_H2,PASS_FULL,0.80,hypothetical_action,4.00,3.2000,-0.8000,5.2000
cost01-fixed-fee-v1,cost01-synthetic-01,synthetic_scenario,EUR_scenario,S40_m20_H2,PASS_FULL,0.70,hypothetical_action,4.00,2.8000,-1.2000,4.8000
cost01-fixed-fee-v1,cost01-synthetic-01,synthetic_scenario,EUR_scenario,S40_m20_H2,ADD_SAME_CATEGORY,1.00,hypothetical_action,-1.0000,-1.000000,-5.000000,1.000000
cost01-fixed-fee-v1,cost01-synthetic-01,synthetic_scenario,EUR_scenario,S40_m20_H2,ADD_SAME_CATEGORY,0.95,hypothetical_action,-1.0000,-0.950000,-4.950000,1.050000
cost01-fixed-fee-v1,cost01-synthetic-01,synthetic_scenario,EUR_scenario,S40_m20_H2,ADD_SAME_CATEGORY,0.90,hypothetical_action,-1.0000,-0.900000,-4.900000,1.100000
cost01-fixed-fee-v1,cost01-synthetic-01,synthetic_scenario,EUR_scenario,S40_m20_H2,ADD_SAME_CATEGORY,0.80,hypothetical_action,-1.0000,-0.800000,-4.800000,1.200000
cost01-fixed-fee-v1,cost01-synthetic-01,synthetic_scenario,EUR_scenario,S40_m20_H2,ADD_SAME_CATEGORY,0.70,hypothetical_action,-1.0000,-0.700000,-4.700000,1.300000
cost01-fixed-fee-v1,cost01-synthetic-01,synthetic_scenario,EUR_scenario,S40_m20_H2,ADD_NEW_CATEGORY,1.00,hypothetical_action,-4.0000,-4.000000,-8.000000,-2.000000
cost01-fixed-fee-v1,cost01-synthetic-01,synthetic_scenario,EUR_scenario,S40_m20_H2,ADD_NEW_CATEGORY,0.95,hypothetical_action,-4.0000,-3.800000,-7.800000,-1.800000
cost01-fixed-fee-v1,cost01-synthetic-01,synthetic_scenario,EUR_scenario,S40_m20_H2,ADD_NEW_CATEGORY,0.90,hypothetical_action,-4.0000,-3.600000,-7.600000,-1.600000
cost01-fixed-fee-v1,cost01-synthetic-01,synthetic_scenario,EUR_scenario,S40_m20_H2,ADD_NEW_CATEGORY,0.80,hypothetical_action,-4.0000,-3.200000,-7.200000,-1.200000
cost01-fixed-fee-v1,cost01-synthetic-01,synthetic_scenario,EUR_scenario,S40_m20_H2,ADD_NEW_CATEGORY,0.70,hypothetical_action,-4.0000,-2.800000,-6.800000,-0.800000
cost01-fixed-fee-v1,cost01-synthetic-01,synthetic_scenario,EUR_scenario,S40_m20_H3,REFERENCE,1.00,fixed_reference,4.00,4.0000,0.0000,9.0000
cost01-fixed-fee-v1,cost01-synthetic-01,synthetic_scenario,EUR_scenario,S40_m20_H3,ABSORB,1.00,fixed_reference,-5.00,-5.0000,-9.0000,0.0000
cost01-fixed-fee-v1,cost01-synthetic-01,synthetic_scenario,EUR_scenario,S40_m20_H3,PASS_HALF,1.00,hypothetical_action,-0.50,-0.5000,-4.5000,4.5000
cost01-fixed-fee-v1,cost01-synthetic-01,synthetic_scenario,EUR_scenario,S40_m20_H3,PASS_HALF,0.95,hypothetical_action,-0.50,-0.4750,-4.4750,4.5250
cost01-fixed-fee-v1,cost01-synthetic-01,synthetic_scenario,EUR_scenario,S40_m20_H3,PASS_HALF,0.90,hypothetical_action,-0.50,-0.4500,-4.4500,4.5500
cost01-fixed-fee-v1,cost01-synthetic-01,synthetic_scenario,EUR_scenario,S40_m20_H3,PASS_HALF,0.80,hypothetical_action,-0.50,-0.4000,-4.4000,4.6000
cost01-fixed-fee-v1,cost01-synthetic-01,synthetic_scenario,EUR_scenario,S40_m20_H3,PASS_HALF,0.70,hypothetical_action,-0.50,-0.3500,-4.3500,4.6500
cost01-fixed-fee-v1,cost01-synthetic-01,synthetic_scenario,EUR_scenario,S40_m20_H3,PASS_FULL,1.00,hypothetical_action,4.00,4.0000,0.0000,9.0000
cost01-fixed-fee-v1,cost01-synthetic-01,synthetic_scenario,EUR_scenario,S40_m20_H3,PASS_FULL,0.95,hypothetical_action,4.00,3.8000,-0.2000,8.8000
cost01-fixed-fee-v1,cost01-synthetic-01,synthetic_scenario,EUR_scenario,S40_m20_H3,PASS_FULL,0.90,hypothetical_action,4.00,3.6000,-0.4000,8.6000
cost01-fixed-fee-v1,cost01-synthetic-01,synthetic_scenario,EUR_scenario,S40_m20_H3,PASS_FULL,0.80,hypothetical_action,4.00,3.2000,-0.8000,8.2000
cost01-fixed-fee-v1,cost01-synthetic-01,synthetic_scenario,EUR_scenario,S40_m20_H3,PASS_FULL,0.70,hypothetical_action,4.00,2.8000,-1.2000,7.8000
cost01-fixed-fee-v1,cost01-synthetic-01,synthetic_scenario,EUR_scenario,S40_m20_H3,ADD_SAME_CATEGORY,1.00,hypothetical_action,-4.0000,-4.000000,-8.000000,1.000000
cost01-fixed-fee-v1,cost01-synthetic-01,synthetic_scenario,EUR_scenario,S40_m20_H3,ADD_SAME_CATEGORY,0.95,hypothetical_action,-4.0000,-3.800000,-7.800000,1.200000
cost01-fixed-fee-v1,cost01-synthetic-01,synthetic_scenario,EUR_scenario,S40_m20_H3,ADD_SAME_CATEGORY,0.90,hypothetical_action,-4.0000,-3.600000,-7.600000,1.400000
cost01-fixed-fee-v1,cost01-synthetic-01,synthetic_scenario,EUR_scenario,S40_m20_H3,ADD_SAME_CATEGORY,0.80,hypothetical_action,-4.0000,-3.200000,-7.200000,1.800000
cost01-fixed-fee-v1,cost01-synthetic-01,synthetic_scenario,EUR_scenario,S40_m20_H3,ADD_SAME_CATEGORY,0.70,hypothetical_action,-4.0000,-2.800000,-6.800000,2.200000
cost01-fixed-fee-v1,cost01-synthetic-01,synthetic_scenario,EUR_scenario,S40_m20_H3,ADD_NEW_CATEGORY,1.00,hypothetical_action,-7.0000,-7.000000,-11.000000,-2.000000
cost01-fixed-fee-v1,cost01-synthetic-01,synthetic_scenario,EUR_scenario,S40_m20_H3,ADD_NEW_CATEGORY,0.95,hypothetical_action,-7.0000,-6.650000,-10.650000,-1.650000
cost01-fixed-fee-v1,cost01-synthetic-01,synthetic_scenario,EUR_scenario,S40_m20_H3,ADD_NEW_CATEGORY,0.90,hypothetical_action,-7.0000,-6.300000,-10.300000,-1.300000
cost01-fixed-fee-v1,cost01-synthetic-01,synthetic_scenario,EUR_scenario,S40_m20_H3,ADD_NEW_CATEGORY,0.80,hypothetical_action,-7.0000,-5.600000,-9.600000,-0.600000
cost01-fixed-fee-v1,cost01-synthetic-01,synthetic_scenario,EUR_scenario,S40_m20_H3,ADD_NEW_CATEGORY,0.70,hypothetical_action,-7.0000,-4.900000,-8.900000,0.100000
cost01-fixed-fee-v1,cost01-synthetic-01,synthetic_scenario,EUR_scenario,S40_m30_H1,REFERENCE,1.00,fixed_reference,8.00,8.0000,0.0000,3.0000
cost01-fixed-fee-v1,cost01-synthetic-01,synthetic_scenario,EUR_scenario,S40_m30_H1,ABSORB,1.00,fixed_reference,5.00,5.0000,-3.0000,0.0000
cost01-fixed-fee-v1,cost01-synthetic-01,synthetic_scenario,EUR_scenario,S40_m30_H1,PASS_HALF,1.00,hypothetical_action,6.50,6.5000,-1.5000,1.5000
cost01-fixed-fee-v1,cost01-synthetic-01,synthetic_scenario,EUR_scenario,S40_m30_H1,PASS_HALF,0.95,hypothetical_action,6.50,6.1750,-1.8250,1.1750
cost01-fixed-fee-v1,cost01-synthetic-01,synthetic_scenario,EUR_scenario,S40_m30_H1,PASS_HALF,0.90,hypothetical_action,6.50,5.8500,-2.1500,0.8500
cost01-fixed-fee-v1,cost01-synthetic-01,synthetic_scenario,EUR_scenario,S40_m30_H1,PASS_HALF,0.80,hypothetical_action,6.50,5.2000,-2.8000,0.2000
cost01-fixed-fee-v1,cost01-synthetic-01,synthetic_scenario,EUR_scenario,S40_m30_H1,PASS_HALF,0.70,hypothetical_action,6.50,4.5500,-3.4500,-0.4500
cost01-fixed-fee-v1,cost01-synthetic-01,synthetic_scenario,EUR_scenario,S40_m30_H1,PASS_FULL,1.00,hypothetical_action,8.00,8.0000,0.0000,3.0000
cost01-fixed-fee-v1,cost01-synthetic-01,synthetic_scenario,EUR_scenario,S40_m30_H1,PASS_FULL,0.95,hypothetical_action,8.00,7.6000,-0.4000,2.6000
cost01-fixed-fee-v1,cost01-synthetic-01,synthetic_scenario,EUR_scenario,S40_m30_H1,PASS_FULL,0.90,hypothetical_action,8.00,7.2000,-0.8000,2.2000
cost01-fixed-fee-v1,cost01-synthetic-01,synthetic_scenario,EUR_scenario,S40_m30_H1,PASS_FULL,0.80,hypothetical_action,8.00,6.4000,-1.6000,1.4000
cost01-fixed-fee-v1,cost01-synthetic-01,synthetic_scenario,EUR_scenario,S40_m30_H1,PASS_FULL,0.70,hypothetical_action,8.00,5.6000,-2.4000,0.6000
cost01-fixed-fee-v1,cost01-synthetic-01,synthetic_scenario,EUR_scenario,S40_m30_H1,ADD_SAME_CATEGORY,1.00,hypothetical_action,7.0000,7.000000,-1.000000,2.000000
cost01-fixed-fee-v1,cost01-synthetic-01,synthetic_scenario,EUR_scenario,S40_m30_H1,ADD_SAME_CATEGORY,0.95,hypothetical_action,7.0000,6.650000,-1.350000,1.650000
cost01-fixed-fee-v1,cost01-synthetic-01,synthetic_scenario,EUR_scenario,S40_m30_H1,ADD_SAME_CATEGORY,0.90,hypothetical_action,7.0000,6.300000,-1.700000,1.300000
cost01-fixed-fee-v1,cost01-synthetic-01,synthetic_scenario,EUR_scenario,S40_m30_H1,ADD_SAME_CATEGORY,0.80,hypothetical_action,7.0000,5.600000,-2.400000,0.600000
cost01-fixed-fee-v1,cost01-synthetic-01,synthetic_scenario,EUR_scenario,S40_m30_H1,ADD_SAME_CATEGORY,0.70,hypothetical_action,7.0000,4.900000,-3.100000,-0.100000
cost01-fixed-fee-v1,cost01-synthetic-01,synthetic_scenario,EUR_scenario,S40_m30_H1,ADD_NEW_CATEGORY,1.00,hypothetical_action,4.0000,4.000000,-4.000000,-1.000000
cost01-fixed-fee-v1,cost01-synthetic-01,synthetic_scenario,EUR_scenario,S40_m30_H1,ADD_NEW_CATEGORY,0.95,hypothetical_action,4.0000,3.800000,-4.200000,-1.200000
cost01-fixed-fee-v1,cost01-synthetic-01,synthetic_scenario,EUR_scenario,S40_m30_H1,ADD_NEW_CATEGORY,0.90,hypothetical_action,4.0000,3.600000,-4.400000,-1.400000
cost01-fixed-fee-v1,cost01-synthetic-01,synthetic_scenario,EUR_scenario,S40_m30_H1,ADD_NEW_CATEGORY,0.80,hypothetical_action,4.0000,3.200000,-4.800000,-1.800000
cost01-fixed-fee-v1,cost01-synthetic-01,synthetic_scenario,EUR_scenario,S40_m30_H1,ADD_NEW_CATEGORY,0.70,hypothetical_action,4.0000,2.800000,-5.200000,-2.200000
cost01-fixed-fee-v1,cost01-synthetic-01,synthetic_scenario,EUR_scenario,S40_m30_H2,REFERENCE,1.00,fixed_reference,8.00,8.0000,0.0000,6.0000
cost01-fixed-fee-v1,cost01-synthetic-01,synthetic_scenario,EUR_scenario,S40_m30_H2,ABSORB,1.00,fixed_reference,2.00,2.0000,-6.0000,0.0000
cost01-fixed-fee-v1,cost01-synthetic-01,synthetic_scenario,EUR_scenario,S40_m30_H2,PASS_HALF,1.00,hypothetical_action,5.00,5.0000,-3.0000,3.0000
cost01-fixed-fee-v1,cost01-synthetic-01,synthetic_scenario,EUR_scenario,S40_m30_H2,PASS_HALF,0.95,hypothetical_action,5.00,4.7500,-3.2500,2.7500
cost01-fixed-fee-v1,cost01-synthetic-01,synthetic_scenario,EUR_scenario,S40_m30_H2,PASS_HALF,0.90,hypothetical_action,5.00,4.5000,-3.5000,2.5000
cost01-fixed-fee-v1,cost01-synthetic-01,synthetic_scenario,EUR_scenario,S40_m30_H2,PASS_HALF,0.80,hypothetical_action,5.00,4.0000,-4.0000,2.0000
cost01-fixed-fee-v1,cost01-synthetic-01,synthetic_scenario,EUR_scenario,S40_m30_H2,PASS_HALF,0.70,hypothetical_action,5.00,3.5000,-4.5000,1.5000
cost01-fixed-fee-v1,cost01-synthetic-01,synthetic_scenario,EUR_scenario,S40_m30_H2,PASS_FULL,1.00,hypothetical_action,8.00,8.0000,0.0000,6.0000
cost01-fixed-fee-v1,cost01-synthetic-01,synthetic_scenario,EUR_scenario,S40_m30_H2,PASS_FULL,0.95,hypothetical_action,8.00,7.6000,-0.4000,5.6000
cost01-fixed-fee-v1,cost01-synthetic-01,synthetic_scenario,EUR_scenario,S40_m30_H2,PASS_FULL,0.90,hypothetical_action,8.00,7.2000,-0.8000,5.2000
cost01-fixed-fee-v1,cost01-synthetic-01,synthetic_scenario,EUR_scenario,S40_m30_H2,PASS_FULL,0.80,hypothetical_action,8.00,6.4000,-1.6000,4.4000
cost01-fixed-fee-v1,cost01-synthetic-01,synthetic_scenario,EUR_scenario,S40_m30_H2,PASS_FULL,0.70,hypothetical_action,8.00,5.6000,-2.4000,3.6000
cost01-fixed-fee-v1,cost01-synthetic-01,synthetic_scenario,EUR_scenario,S40_m30_H2,ADD_SAME_CATEGORY,1.00,hypothetical_action,4.0000,4.000000,-4.000000,2.000000
cost01-fixed-fee-v1,cost01-synthetic-01,synthetic_scenario,EUR_scenario,S40_m30_H2,ADD_SAME_CATEGORY,0.95,hypothetical_action,4.0000,3.800000,-4.200000,1.800000
cost01-fixed-fee-v1,cost01-synthetic-01,synthetic_scenario,EUR_scenario,S40_m30_H2,ADD_SAME_CATEGORY,0.90,hypothetical_action,4.0000,3.600000,-4.400000,1.600000
cost01-fixed-fee-v1,cost01-synthetic-01,synthetic_scenario,EUR_scenario,S40_m30_H2,ADD_SAME_CATEGORY,0.80,hypothetical_action,4.0000,3.200000,-4.800000,1.200000
cost01-fixed-fee-v1,cost01-synthetic-01,synthetic_scenario,EUR_scenario,S40_m30_H2,ADD_SAME_CATEGORY,0.70,hypothetical_action,4.0000,2.800000,-5.200000,0.800000
cost01-fixed-fee-v1,cost01-synthetic-01,synthetic_scenario,EUR_scenario,S40_m30_H2,ADD_NEW_CATEGORY,1.00,hypothetical_action,1.0000,1.000000,-7.000000,-1.000000
cost01-fixed-fee-v1,cost01-synthetic-01,synthetic_scenario,EUR_scenario,S40_m30_H2,ADD_NEW_CATEGORY,0.95,hypothetical_action,1.0000,0.950000,-7.050000,-1.050000
cost01-fixed-fee-v1,cost01-synthetic-01,synthetic_scenario,EUR_scenario,S40_m30_H2,ADD_NEW_CATEGORY,0.90,hypothetical_action,1.0000,0.900000,-7.100000,-1.100000
cost01-fixed-fee-v1,cost01-synthetic-01,synthetic_scenario,EUR_scenario,S40_m30_H2,ADD_NEW_CATEGORY,0.80,hypothetical_action,1.0000,0.800000,-7.200000,-1.200000
cost01-fixed-fee-v1,cost01-synthetic-01,synthetic_scenario,EUR_scenario,S40_m30_H2,ADD_NEW_CATEGORY,0.70,hypothetical_action,1.0000,0.700000,-7.300000,-1.300000
cost01-fixed-fee-v1,cost01-synthetic-01,synthetic_scenario,EUR_scenario,S40_m30_H3,REFERENCE,1.00,fixed_reference,8.00,8.0000,0.0000,9.0000
cost01-fixed-fee-v1,cost01-synthetic-01,synthetic_scenario,EUR_scenario,S40_m30_H3,ABSORB,1.00,fixed_reference,-1.00,-1.0000,-9.0000,0.0000
cost01-fixed-fee-v1,cost01-synthetic-01,synthetic_scenario,EUR_scenario,S40_m30_H3,PASS_HALF,1.00,hypothetical_action,3.50,3.5000,-4.5000,4.5000
cost01-fixed-fee-v1,cost01-synthetic-01,synthetic_scenario,EUR_scenario,S40_m30_H3,PASS_HALF,0.95,hypothetical_action,3.50,3.3250,-4.6750,4.3250
cost01-fixed-fee-v1,cost01-synthetic-01,synthetic_scenario,EUR_scenario,S40_m30_H3,PASS_HALF,0.90,hypothetical_action,3.50,3.1500,-4.8500,4.1500
cost01-fixed-fee-v1,cost01-synthetic-01,synthetic_scenario,EUR_scenario,S40_m30_H3,PASS_HALF,0.80,hypothetical_action,3.50,2.8000,-5.2000,3.8000
cost01-fixed-fee-v1,cost01-synthetic-01,synthetic_scenario,EUR_scenario,S40_m30_H3,PASS_HALF,0.70,hypothetical_action,3.50,2.4500,-5.5500,3.4500
cost01-fixed-fee-v1,cost01-synthetic-01,synthetic_scenario,EUR_scenario,S40_m30_H3,PASS_FULL,1.00,hypothetical_action,8.00,8.0000,0.0000,9.0000
cost01-fixed-fee-v1,cost01-synthetic-01,synthetic_scenario,EUR_scenario,S40_m30_H3,PASS_FULL,0.95,hypothetical_action,8.00,7.6000,-0.4000,8.6000
cost01-fixed-fee-v1,cost01-synthetic-01,synthetic_scenario,EUR_scenario,S40_m30_H3,PASS_FULL,0.90,hypothetical_action,8.00,7.2000,-0.8000,8.2000
cost01-fixed-fee-v1,cost01-synthetic-01,synthetic_scenario,EUR_scenario,S40_m30_H3,PASS_FULL,0.80,hypothetical_action,8.00,6.4000,-1.6000,7.4000
cost01-fixed-fee-v1,cost01-synthetic-01,synthetic_scenario,EUR_scenario,S40_m30_H3,PASS_FULL,0.70,hypothetical_action,8.00,5.6000,-2.4000,6.6000
cost01-fixed-fee-v1,cost01-synthetic-01,synthetic_scenario,EUR_scenario,S40_m30_H3,ADD_SAME_CATEGORY,1.00,hypothetical_action,1.0000,1.000000,-7.000000,2.000000
cost01-fixed-fee-v1,cost01-synthetic-01,synthetic_scenario,EUR_scenario,S40_m30_H3,ADD_SAME_CATEGORY,0.95,hypothetical_action,1.0000,0.950000,-7.050000,1.950000
cost01-fixed-fee-v1,cost01-synthetic-01,synthetic_scenario,EUR_scenario,S40_m30_H3,ADD_SAME_CATEGORY,0.90,hypothetical_action,1.0000,0.900000,-7.100000,1.900000
cost01-fixed-fee-v1,cost01-synthetic-01,synthetic_scenario,EUR_scenario,S40_m30_H3,ADD_SAME_CATEGORY,0.80,hypothetical_action,1.0000,0.800000,-7.200000,1.800000
cost01-fixed-fee-v1,cost01-synthetic-01,synthetic_scenario,EUR_scenario,S40_m30_H3,ADD_SAME_CATEGORY,0.70,hypothetical_action,1.0000,0.700000,-7.300000,1.700000
cost01-fixed-fee-v1,cost01-synthetic-01,synthetic_scenario,EUR_scenario,S40_m30_H3,ADD_NEW_CATEGORY,1.00,hypothetical_action,-2.0000,-2.000000,-10.000000,-1.000000
cost01-fixed-fee-v1,cost01-synthetic-01,synthetic_scenario,EUR_scenario,S40_m30_H3,ADD_NEW_CATEGORY,0.95,hypothetical_action,-2.0000,-1.900000,-9.900000,-0.900000
cost01-fixed-fee-v1,cost01-synthetic-01,synthetic_scenario,EUR_scenario,S40_m30_H3,ADD_NEW_CATEGORY,0.90,hypothetical_action,-2.0000,-1.800000,-9.800000,-0.800000
cost01-fixed-fee-v1,cost01-synthetic-01,synthetic_scenario,EUR_scenario,S40_m30_H3,ADD_NEW_CATEGORY,0.80,hypothetical_action,-2.0000,-1.600000,-9.600000,-0.600000
cost01-fixed-fee-v1,cost01-synthetic-01,synthetic_scenario,EUR_scenario,S40_m30_H3,ADD_NEW_CATEGORY,0.70,hypothetical_action,-2.0000,-1.400000,-9.400000,-0.400000
cost01-fixed-fee-v1,cost01-synthetic-01,synthetic_scenario,EUR_scenario,S40_m40_H1,REFERENCE,1.00,fixed_reference,12.00,12.0000,0.0000,3.0000
cost01-fixed-fee-v1,cost01-synthetic-01,synthetic_scenario,EUR_scenario,S40_m40_H1,ABSORB,1.00,fixed_reference,9.00,9.0000,-3.0000,0.0000
cost01-fixed-fee-v1,cost01-synthetic-01,synthetic_scenario,EUR_scenario,S40_m40_H1,PASS_HALF,1.00,hypothetical_action,10.50,10.5000,-1.5000,1.5000
cost01-fixed-fee-v1,cost01-synthetic-01,synthetic_scenario,EUR_scenario,S40_m40_H1,PASS_HALF,0.95,hypothetical_action,10.50,9.9750,-2.0250,0.9750
cost01-fixed-fee-v1,cost01-synthetic-01,synthetic_scenario,EUR_scenario,S40_m40_H1,PASS_HALF,0.90,hypothetical_action,10.50,9.4500,-2.5500,0.4500
cost01-fixed-fee-v1,cost01-synthetic-01,synthetic_scenario,EUR_scenario,S40_m40_H1,PASS_HALF,0.80,hypothetical_action,10.50,8.4000,-3.6000,-0.6000
cost01-fixed-fee-v1,cost01-synthetic-01,synthetic_scenario,EUR_scenario,S40_m40_H1,PASS_HALF,0.70,hypothetical_action,10.50,7.3500,-4.6500,-1.6500
cost01-fixed-fee-v1,cost01-synthetic-01,synthetic_scenario,EUR_scenario,S40_m40_H1,PASS_FULL,1.00,hypothetical_action,12.00,12.0000,0.0000,3.0000
cost01-fixed-fee-v1,cost01-synthetic-01,synthetic_scenario,EUR_scenario,S40_m40_H1,PASS_FULL,0.95,hypothetical_action,12.00,11.4000,-0.6000,2.4000
cost01-fixed-fee-v1,cost01-synthetic-01,synthetic_scenario,EUR_scenario,S40_m40_H1,PASS_FULL,0.90,hypothetical_action,12.00,10.8000,-1.2000,1.8000
cost01-fixed-fee-v1,cost01-synthetic-01,synthetic_scenario,EUR_scenario,S40_m40_H1,PASS_FULL,0.80,hypothetical_action,12.00,9.6000,-2.4000,0.6000
cost01-fixed-fee-v1,cost01-synthetic-01,synthetic_scenario,EUR_scenario,S40_m40_H1,PASS_FULL,0.70,hypothetical_action,12.00,8.4000,-3.6000,-0.6000
cost01-fixed-fee-v1,cost01-synthetic-01,synthetic_scenario,EUR_scenario,S40_m40_H1,ADD_SAME_CATEGORY,1.00,hypothetical_action,12.0000,12.000000,0.000000,3.000000
cost01-fixed-fee-v1,cost01-synthetic-01,synthetic_scenario,EUR_scenario,S40_m40_H1,ADD_SAME_CATEGORY,0.95,hypothetical_action,12.0000,11.400000,-0.600000,2.400000
cost01-fixed-fee-v1,cost01-synthetic-01,synthetic_scenario,EUR_scenario,S40_m40_H1,ADD_SAME_CATEGORY,0.90,hypothetical_action,12.0000,10.800000,-1.200000,1.800000
cost01-fixed-fee-v1,cost01-synthetic-01,synthetic_scenario,EUR_scenario,S40_m40_H1,ADD_SAME_CATEGORY,0.80,hypothetical_action,12.0000,9.600000,-2.400000,0.600000
cost01-fixed-fee-v1,cost01-synthetic-01,synthetic_scenario,EUR_scenario,S40_m40_H1,ADD_SAME_CATEGORY,0.70,hypothetical_action,12.0000,8.400000,-3.600000,-0.600000
cost01-fixed-fee-v1,cost01-synthetic-01,synthetic_scenario,EUR_scenario,S40_m40_H1,ADD_NEW_CATEGORY,1.00,hypothetical_action,9.0000,9.000000,-3.000000,0.000000
cost01-fixed-fee-v1,cost01-synthetic-01,synthetic_scenario,EUR_scenario,S40_m40_H1,ADD_NEW_CATEGORY,0.95,hypothetical_action,9.0000,8.550000,-3.450000,-0.450000
cost01-fixed-fee-v1,cost01-synthetic-01,synthetic_scenario,EUR_scenario,S40_m40_H1,ADD_NEW_CATEGORY,0.90,hypothetical_action,9.0000,8.100000,-3.900000,-0.900000
cost01-fixed-fee-v1,cost01-synthetic-01,synthetic_scenario,EUR_scenario,S40_m40_H1,ADD_NEW_CATEGORY,0.80,hypothetical_action,9.0000,7.200000,-4.800000,-1.800000
cost01-fixed-fee-v1,cost01-synthetic-01,synthetic_scenario,EUR_scenario,S40_m40_H1,ADD_NEW_CATEGORY,0.70,hypothetical_action,9.0000,6.300000,-5.700000,-2.700000
cost01-fixed-fee-v1,cost01-synthetic-01,synthetic_scenario,EUR_scenario,S40_m40_H2,REFERENCE,1.00,fixed_reference,12.00,12.0000,0.0000,6.0000
cost01-fixed-fee-v1,cost01-synthetic-01,synthetic_scenario,EUR_scenario,S40_m40_H2,ABSORB,1.00,fixed_reference,6.00,6.0000,-6.0000,0.0000
cost01-fixed-fee-v1,cost01-synthetic-01,synthetic_scenario,EUR_scenario,S40_m40_H2,PASS_HALF,1.00,hypothetical_action,9.00,9.0000,-3.0000,3.0000
cost01-fixed-fee-v1,cost01-synthetic-01,synthetic_scenario,EUR_scenario,S40_m40_H2,PASS_HALF,0.95,hypothetical_action,9.00,8.5500,-3.4500,2.5500
cost01-fixed-fee-v1,cost01-synthetic-01,synthetic_scenario,EUR_scenario,S40_m40_H2,PASS_HALF,0.90,hypothetical_action,9.00,8.1000,-3.9000,2.1000
cost01-fixed-fee-v1,cost01-synthetic-01,synthetic_scenario,EUR_scenario,S40_m40_H2,PASS_HALF,0.80,hypothetical_action,9.00,7.2000,-4.8000,1.2000
cost01-fixed-fee-v1,cost01-synthetic-01,synthetic_scenario,EUR_scenario,S40_m40_H2,PASS_HALF,0.70,hypothetical_action,9.00,6.3000,-5.7000,0.3000
cost01-fixed-fee-v1,cost01-synthetic-01,synthetic_scenario,EUR_scenario,S40_m40_H2,PASS_FULL,1.00,hypothetical_action,12.00,12.0000,0.0000,6.0000
cost01-fixed-fee-v1,cost01-synthetic-01,synthetic_scenario,EUR_scenario,S40_m40_H2,PASS_FULL,0.95,hypothetical_action,12.00,11.4000,-0.6000,5.4000
cost01-fixed-fee-v1,cost01-synthetic-01,synthetic_scenario,EUR_scenario,S40_m40_H2,PASS_FULL,0.90,hypothetical_action,12.00,10.8000,-1.2000,4.8000
cost01-fixed-fee-v1,cost01-synthetic-01,synthetic_scenario,EUR_scenario,S40_m40_H2,PASS_FULL,0.80,hypothetical_action,12.00,9.6000,-2.4000,3.6000
cost01-fixed-fee-v1,cost01-synthetic-01,synthetic_scenario,EUR_scenario,S40_m40_H2,PASS_FULL,0.70,hypothetical_action,12.00,8.4000,-3.6000,2.4000
cost01-fixed-fee-v1,cost01-synthetic-01,synthetic_scenario,EUR_scenario,S40_m40_H2,ADD_SAME_CATEGORY,1.00,hypothetical_action,9.0000,9.000000,-3.000000,3.000000
cost01-fixed-fee-v1,cost01-synthetic-01,synthetic_scenario,EUR_scenario,S40_m40_H2,ADD_SAME_CATEGORY,0.95,hypothetical_action,9.0000,8.550000,-3.450000,2.550000
cost01-fixed-fee-v1,cost01-synthetic-01,synthetic_scenario,EUR_scenario,S40_m40_H2,ADD_SAME_CATEGORY,0.90,hypothetical_action,9.0000,8.100000,-3.900000,2.100000
cost01-fixed-fee-v1,cost01-synthetic-01,synthetic_scenario,EUR_scenario,S40_m40_H2,ADD_SAME_CATEGORY,0.80,hypothetical_action,9.0000,7.200000,-4.800000,1.200000
cost01-fixed-fee-v1,cost01-synthetic-01,synthetic_scenario,EUR_scenario,S40_m40_H2,ADD_SAME_CATEGORY,0.70,hypothetical_action,9.0000,6.300000,-5.700000,0.300000
cost01-fixed-fee-v1,cost01-synthetic-01,synthetic_scenario,EUR_scenario,S40_m40_H2,ADD_NEW_CATEGORY,1.00,hypothetical_action,6.0000,6.000000,-6.000000,0.000000
cost01-fixed-fee-v1,cost01-synthetic-01,synthetic_scenario,EUR_scenario,S40_m40_H2,ADD_NEW_CATEGORY,0.95,hypothetical_action,6.0000,5.700000,-6.300000,-0.300000
cost01-fixed-fee-v1,cost01-synthetic-01,synthetic_scenario,EUR_scenario,S40_m40_H2,ADD_NEW_CATEGORY,0.90,hypothetical_action,6.0000,5.400000,-6.600000,-0.600000
cost01-fixed-fee-v1,cost01-synthetic-01,synthetic_scenario,EUR_scenario,S40_m40_H2,ADD_NEW_CATEGORY,0.80,hypothetical_action,6.0000,4.800000,-7.200000,-1.200000
cost01-fixed-fee-v1,cost01-synthetic-01,synthetic_scenario,EUR_scenario,S40_m40_H2,ADD_NEW_CATEGORY,0.70,hypothetical_action,6.0000,4.200000,-7.800000,-1.800000
cost01-fixed-fee-v1,cost01-synthetic-01,synthetic_scenario,EUR_scenario,S40_m40_H3,REFERENCE,1.00,fixed_reference,12.00,12.0000,0.0000,9.0000
cost01-fixed-fee-v1,cost01-synthetic-01,synthetic_scenario,EUR_scenario,S40_m40_H3,ABSORB,1.00,fixed_reference,3.00,3.0000,-9.0000,0.0000
cost01-fixed-fee-v1,cost01-synthetic-01,synthetic_scenario,EUR_scenario,S40_m40_H3,PASS_HALF,1.00,hypothetical_action,7.50,7.5000,-4.5000,4.5000
cost01-fixed-fee-v1,cost01-synthetic-01,synthetic_scenario,EUR_scenario,S40_m40_H3,PASS_HALF,0.95,hypothetical_action,7.50,7.1250,-4.8750,4.1250
cost01-fixed-fee-v1,cost01-synthetic-01,synthetic_scenario,EUR_scenario,S40_m40_H3,PASS_HALF,0.90,hypothetical_action,7.50,6.7500,-5.2500,3.7500
cost01-fixed-fee-v1,cost01-synthetic-01,synthetic_scenario,EUR_scenario,S40_m40_H3,PASS_HALF,0.80,hypothetical_action,7.50,6.0000,-6.0000,3.0000
cost01-fixed-fee-v1,cost01-synthetic-01,synthetic_scenario,EUR_scenario,S40_m40_H3,PASS_HALF,0.70,hypothetical_action,7.50,5.2500,-6.7500,2.2500
cost01-fixed-fee-v1,cost01-synthetic-01,synthetic_scenario,EUR_scenario,S40_m40_H3,PASS_FULL,1.00,hypothetical_action,12.00,12.0000,0.0000,9.0000
cost01-fixed-fee-v1,cost01-synthetic-01,synthetic_scenario,EUR_scenario,S40_m40_H3,PASS_FULL,0.95,hypothetical_action,12.00,11.4000,-0.6000,8.4000
cost01-fixed-fee-v1,cost01-synthetic-01,synthetic_scenario,EUR_scenario,S40_m40_H3,PASS_FULL,0.90,hypothetical_action,12.00,10.8000,-1.2000,7.8000
cost01-fixed-fee-v1,cost01-synthetic-01,synthetic_scenario,EUR_scenario,S40_m40_H3,PASS_FULL,0.80,hypothetical_action,12.00,9.6000,-2.4000,6.6000
cost01-fixed-fee-v1,cost01-synthetic-01,synthetic_scenario,EUR_scenario,S40_m40_H3,PASS_FULL,0.70,hypothetical_action,12.00,8.4000,-3.6000,5.4000
cost01-fixed-fee-v1,cost01-synthetic-01,synthetic_scenario,EUR_scenario,S40_m40_H3,ADD_SAME_CATEGORY,1.00,hypothetical_action,6.0000,6.000000,-6.000000,3.000000
cost01-fixed-fee-v1,cost01-synthetic-01,synthetic_scenario,EUR_scenario,S40_m40_H3,ADD_SAME_CATEGORY,0.95,hypothetical_action,6.0000,5.700000,-6.300000,2.700000
cost01-fixed-fee-v1,cost01-synthetic-01,synthetic_scenario,EUR_scenario,S40_m40_H3,ADD_SAME_CATEGORY,0.90,hypothetical_action,6.0000,5.400000,-6.600000,2.400000
cost01-fixed-fee-v1,cost01-synthetic-01,synthetic_scenario,EUR_scenario,S40_m40_H3,ADD_SAME_CATEGORY,0.80,hypothetical_action,6.0000,4.800000,-7.200000,1.800000
cost01-fixed-fee-v1,cost01-synthetic-01,synthetic_scenario,EUR_scenario,S40_m40_H3,ADD_SAME_CATEGORY,0.70,hypothetical_action,6.0000,4.200000,-7.800000,1.200000
cost01-fixed-fee-v1,cost01-synthetic-01,synthetic_scenario,EUR_scenario,S40_m40_H3,ADD_NEW_CATEGORY,1.00,hypothetical_action,3.0000,3.000000,-9.000000,0.000000
cost01-fixed-fee-v1,cost01-synthetic-01,synthetic_scenario,EUR_scenario,S40_m40_H3,ADD_NEW_CATEGORY,0.95,hypothetical_action,3.0000,2.850000,-9.150000,-0.150000
cost01-fixed-fee-v1,cost01-synthetic-01,synthetic_scenario,EUR_scenario,S40_m40_H3,ADD_NEW_CATEGORY,0.90,hypothetical_action,3.0000,2.700000,-9.300000,-0.300000
cost01-fixed-fee-v1,cost01-synthetic-01,synthetic_scenario,EUR_scenario,S40_m40_H3,ADD_NEW_CATEGORY,0.80,hypothetical_action,3.0000,2.400000,-9.600000,-0.600000
cost01-fixed-fee-v1,cost01-synthetic-01,synthetic_scenario,EUR_scenario,S40_m40_H3,ADD_NEW_CATEGORY,0.70,hypothetical_action,3.0000,2.100000,-9.900000,-0.900000
cost01-fixed-fee-v1,cost01-synthetic-01,synthetic_scenario,EUR_scenario,S80_m20_H1,REFERENCE,1.00,fixed_reference,12.00,12.0000,0.0000,3.0000
cost01-fixed-fee-v1,cost01-synthetic-01,synthetic_scenario,EUR_scenario,S80_m20_H1,ABSORB,1.00,fixed_reference,9.00,9.0000,-3.0000,0.0000
cost01-fixed-fee-v1,cost01-synthetic-01,synthetic_scenario,EUR_scenario,S80_m20_H1,PASS_HALF,1.00,hypothetical_action,10.50,10.5000,-1.5000,1.5000
cost01-fixed-fee-v1,cost01-synthetic-01,synthetic_scenario,EUR_scenario,S80_m20_H1,PASS_HALF,0.95,hypothetical_action,10.50,9.9750,-2.0250,0.9750
cost01-fixed-fee-v1,cost01-synthetic-01,synthetic_scenario,EUR_scenario,S80_m20_H1,PASS_HALF,0.90,hypothetical_action,10.50,9.4500,-2.5500,0.4500
cost01-fixed-fee-v1,cost01-synthetic-01,synthetic_scenario,EUR_scenario,S80_m20_H1,PASS_HALF,0.80,hypothetical_action,10.50,8.4000,-3.6000,-0.6000
cost01-fixed-fee-v1,cost01-synthetic-01,synthetic_scenario,EUR_scenario,S80_m20_H1,PASS_HALF,0.70,hypothetical_action,10.50,7.3500,-4.6500,-1.6500
cost01-fixed-fee-v1,cost01-synthetic-01,synthetic_scenario,EUR_scenario,S80_m20_H1,PASS_FULL,1.00,hypothetical_action,12.00,12.0000,0.0000,3.0000
cost01-fixed-fee-v1,cost01-synthetic-01,synthetic_scenario,EUR_scenario,S80_m20_H1,PASS_FULL,0.95,hypothetical_action,12.00,11.4000,-0.6000,2.4000
cost01-fixed-fee-v1,cost01-synthetic-01,synthetic_scenario,EUR_scenario,S80_m20_H1,PASS_FULL,0.90,hypothetical_action,12.00,10.8000,-1.2000,1.8000
cost01-fixed-fee-v1,cost01-synthetic-01,synthetic_scenario,EUR_scenario,S80_m20_H1,PASS_FULL,0.80,hypothetical_action,12.00,9.6000,-2.4000,0.6000
cost01-fixed-fee-v1,cost01-synthetic-01,synthetic_scenario,EUR_scenario,S80_m20_H1,PASS_FULL,0.70,hypothetical_action,12.00,8.4000,-3.6000,-0.6000
cost01-fixed-fee-v1,cost01-synthetic-01,synthetic_scenario,EUR_scenario,S80_m20_H1,ADD_SAME_CATEGORY,1.00,hypothetical_action,12.0000,12.000000,0.000000,3.000000
cost01-fixed-fee-v1,cost01-synthetic-01,synthetic_scenario,EUR_scenario,S80_m20_H1,ADD_SAME_CATEGORY,0.95,hypothetical_action,12.0000,11.400000,-0.600000,2.400000
cost01-fixed-fee-v1,cost01-synthetic-01,synthetic_scenario,EUR_scenario,S80_m20_H1,ADD_SAME_CATEGORY,0.90,hypothetical_action,12.0000,10.800000,-1.200000,1.800000
cost01-fixed-fee-v1,cost01-synthetic-01,synthetic_scenario,EUR_scenario,S80_m20_H1,ADD_SAME_CATEGORY,0.80,hypothetical_action,12.0000,9.600000,-2.400000,0.600000
cost01-fixed-fee-v1,cost01-synthetic-01,synthetic_scenario,EUR_scenario,S80_m20_H1,ADD_SAME_CATEGORY,0.70,hypothetical_action,12.0000,8.400000,-3.600000,-0.600000
cost01-fixed-fee-v1,cost01-synthetic-01,synthetic_scenario,EUR_scenario,S80_m20_H1,ADD_NEW_CATEGORY,1.00,hypothetical_action,9.0000,9.000000,-3.000000,0.000000
cost01-fixed-fee-v1,cost01-synthetic-01,synthetic_scenario,EUR_scenario,S80_m20_H1,ADD_NEW_CATEGORY,0.95,hypothetical_action,9.0000,8.550000,-3.450000,-0.450000
cost01-fixed-fee-v1,cost01-synthetic-01,synthetic_scenario,EUR_scenario,S80_m20_H1,ADD_NEW_CATEGORY,0.90,hypothetical_action,9.0000,8.100000,-3.900000,-0.900000
cost01-fixed-fee-v1,cost01-synthetic-01,synthetic_scenario,EUR_scenario,S80_m20_H1,ADD_NEW_CATEGORY,0.80,hypothetical_action,9.0000,7.200000,-4.800000,-1.800000
cost01-fixed-fee-v1,cost01-synthetic-01,synthetic_scenario,EUR_scenario,S80_m20_H1,ADD_NEW_CATEGORY,0.70,hypothetical_action,9.0000,6.300000,-5.700000,-2.700000
cost01-fixed-fee-v1,cost01-synthetic-01,synthetic_scenario,EUR_scenario,S80_m20_H2,REFERENCE,1.00,fixed_reference,12.00,12.0000,0.0000,6.0000
cost01-fixed-fee-v1,cost01-synthetic-01,synthetic_scenario,EUR_scenario,S80_m20_H2,ABSORB,1.00,fixed_reference,6.00,6.0000,-6.0000,0.0000
cost01-fixed-fee-v1,cost01-synthetic-01,synthetic_scenario,EUR_scenario,S80_m20_H2,PASS_HALF,1.00,hypothetical_action,9.00,9.0000,-3.0000,3.0000
cost01-fixed-fee-v1,cost01-synthetic-01,synthetic_scenario,EUR_scenario,S80_m20_H2,PASS_HALF,0.95,hypothetical_action,9.00,8.5500,-3.4500,2.5500
cost01-fixed-fee-v1,cost01-synthetic-01,synthetic_scenario,EUR_scenario,S80_m20_H2,PASS_HALF,0.90,hypothetical_action,9.00,8.1000,-3.9000,2.1000
cost01-fixed-fee-v1,cost01-synthetic-01,synthetic_scenario,EUR_scenario,S80_m20_H2,PASS_HALF,0.80,hypothetical_action,9.00,7.2000,-4.8000,1.2000
cost01-fixed-fee-v1,cost01-synthetic-01,synthetic_scenario,EUR_scenario,S80_m20_H2,PASS_HALF,0.70,hypothetical_action,9.00,6.3000,-5.7000,0.3000
cost01-fixed-fee-v1,cost01-synthetic-01,synthetic_scenario,EUR_scenario,S80_m20_H2,PASS_FULL,1.00,hypothetical_action,12.00,12.0000,0.0000,6.0000
cost01-fixed-fee-v1,cost01-synthetic-01,synthetic_scenario,EUR_scenario,S80_m20_H2,PASS_FULL,0.95,hypothetical_action,12.00,11.4000,-0.6000,5.4000
cost01-fixed-fee-v1,cost01-synthetic-01,synthetic_scenario,EUR_scenario,S80_m20_H2,PASS_FULL,0.90,hypothetical_action,12.00,10.8000,-1.2000,4.8000
cost01-fixed-fee-v1,cost01-synthetic-01,synthetic_scenario,EUR_scenario,S80_m20_H2,PASS_FULL,0.80,hypothetical_action,12.00,9.6000,-2.4000,3.6000
cost01-fixed-fee-v1,cost01-synthetic-01,synthetic_scenario,EUR_scenario,S80_m20_H2,PASS_FULL,0.70,hypothetical_action,12.00,8.4000,-3.6000,2.4000
cost01-fixed-fee-v1,cost01-synthetic-01,synthetic_scenario,EUR_scenario,S80_m20_H2,ADD_SAME_CATEGORY,1.00,hypothetical_action,9.0000,9.000000,-3.000000,3.000000
cost01-fixed-fee-v1,cost01-synthetic-01,synthetic_scenario,EUR_scenario,S80_m20_H2,ADD_SAME_CATEGORY,0.95,hypothetical_action,9.0000,8.550000,-3.450000,2.550000
cost01-fixed-fee-v1,cost01-synthetic-01,synthetic_scenario,EUR_scenario,S80_m20_H2,ADD_SAME_CATEGORY,0.90,hypothetical_action,9.0000,8.100000,-3.900000,2.100000
cost01-fixed-fee-v1,cost01-synthetic-01,synthetic_scenario,EUR_scenario,S80_m20_H2,ADD_SAME_CATEGORY,0.80,hypothetical_action,9.0000,7.200000,-4.800000,1.200000
cost01-fixed-fee-v1,cost01-synthetic-01,synthetic_scenario,EUR_scenario,S80_m20_H2,ADD_SAME_CATEGORY,0.70,hypothetical_action,9.0000,6.300000,-5.700000,0.300000
cost01-fixed-fee-v1,cost01-synthetic-01,synthetic_scenario,EUR_scenario,S80_m20_H2,ADD_NEW_CATEGORY,1.00,hypothetical_action,6.0000,6.000000,-6.000000,0.000000
cost01-fixed-fee-v1,cost01-synthetic-01,synthetic_scenario,EUR_scenario,S80_m20_H2,ADD_NEW_CATEGORY,0.95,hypothetical_action,6.0000,5.700000,-6.300000,-0.300000
cost01-fixed-fee-v1,cost01-synthetic-01,synthetic_scenario,EUR_scenario,S80_m20_H2,ADD_NEW_CATEGORY,0.90,hypothetical_action,6.0000,5.400000,-6.600000,-0.600000
cost01-fixed-fee-v1,cost01-synthetic-01,synthetic_scenario,EUR_scenario,S80_m20_H2,ADD_NEW_CATEGORY,0.80,hypothetical_action,6.0000,4.800000,-7.200000,-1.200000
cost01-fixed-fee-v1,cost01-synthetic-01,synthetic_scenario,EUR_scenario,S80_m20_H2,ADD_NEW_CATEGORY,0.70,hypothetical_action,6.0000,4.200000,-7.800000,-1.800000
cost01-fixed-fee-v1,cost01-synthetic-01,synthetic_scenario,EUR_scenario,S80_m20_H3,REFERENCE,1.00,fixed_reference,12.00,12.0000,0.0000,9.0000
cost01-fixed-fee-v1,cost01-synthetic-01,synthetic_scenario,EUR_scenario,S80_m20_H3,ABSORB,1.00,fixed_reference,3.00,3.0000,-9.0000,0.0000
cost01-fixed-fee-v1,cost01-synthetic-01,synthetic_scenario,EUR_scenario,S80_m20_H3,PASS_HALF,1.00,hypothetical_action,7.50,7.5000,-4.5000,4.5000
cost01-fixed-fee-v1,cost01-synthetic-01,synthetic_scenario,EUR_scenario,S80_m20_H3,PASS_HALF,0.95,hypothetical_action,7.50,7.1250,-4.8750,4.1250
cost01-fixed-fee-v1,cost01-synthetic-01,synthetic_scenario,EUR_scenario,S80_m20_H3,PASS_HALF,0.90,hypothetical_action,7.50,6.7500,-5.2500,3.7500
cost01-fixed-fee-v1,cost01-synthetic-01,synthetic_scenario,EUR_scenario,S80_m20_H3,PASS_HALF,0.80,hypothetical_action,7.50,6.0000,-6.0000,3.0000
cost01-fixed-fee-v1,cost01-synthetic-01,synthetic_scenario,EUR_scenario,S80_m20_H3,PASS_HALF,0.70,hypothetical_action,7.50,5.2500,-6.7500,2.2500
cost01-fixed-fee-v1,cost01-synthetic-01,synthetic_scenario,EUR_scenario,S80_m20_H3,PASS_FULL,1.00,hypothetical_action,12.00,12.0000,0.0000,9.0000
cost01-fixed-fee-v1,cost01-synthetic-01,synthetic_scenario,EUR_scenario,S80_m20_H3,PASS_FULL,0.95,hypothetical_action,12.00,11.4000,-0.6000,8.4000
cost01-fixed-fee-v1,cost01-synthetic-01,synthetic_scenario,EUR_scenario,S80_m20_H3,PASS_FULL,0.90,hypothetical_action,12.00,10.8000,-1.2000,7.8000
cost01-fixed-fee-v1,cost01-synthetic-01,synthetic_scenario,EUR_scenario,S80_m20_H3,PASS_FULL,0.80,hypothetical_action,12.00,9.6000,-2.4000,6.6000
cost01-fixed-fee-v1,cost01-synthetic-01,synthetic_scenario,EUR_scenario,S80_m20_H3,PASS_FULL,0.70,hypothetical_action,12.00,8.4000,-3.6000,5.4000
cost01-fixed-fee-v1,cost01-synthetic-01,synthetic_scenario,EUR_scenario,S80_m20_H3,ADD_SAME_CATEGORY,1.00,hypothetical_action,6.0000,6.000000,-6.000000,3.000000
cost01-fixed-fee-v1,cost01-synthetic-01,synthetic_scenario,EUR_scenario,S80_m20_H3,ADD_SAME_CATEGORY,0.95,hypothetical_action,6.0000,5.700000,-6.300000,2.700000
cost01-fixed-fee-v1,cost01-synthetic-01,synthetic_scenario,EUR_scenario,S80_m20_H3,ADD_SAME_CATEGORY,0.90,hypothetical_action,6.0000,5.400000,-6.600000,2.400000
cost01-fixed-fee-v1,cost01-synthetic-01,synthetic_scenario,EUR_scenario,S80_m20_H3,ADD_SAME_CATEGORY,0.80,hypothetical_action,6.0000,4.800000,-7.200000,1.800000
cost01-fixed-fee-v1,cost01-synthetic-01,synthetic_scenario,EUR_scenario,S80_m20_H3,ADD_SAME_CATEGORY,0.70,hypothetical_action,6.0000,4.200000,-7.800000,1.200000
cost01-fixed-fee-v1,cost01-synthetic-01,synthetic_scenario,EUR_scenario,S80_m20_H3,ADD_NEW_CATEGORY,1.00,hypothetical_action,3.0000,3.000000,-9.000000,0.000000
cost01-fixed-fee-v1,cost01-synthetic-01,synthetic_scenario,EUR_scenario,S80_m20_H3,ADD_NEW_CATEGORY,0.95,hypothetical_action,3.0000,2.850000,-9.150000,-0.150000
cost01-fixed-fee-v1,cost01-synthetic-01,synthetic_scenario,EUR_scenario,S80_m20_H3,ADD_NEW_CATEGORY,0.90,hypothetical_action,3.0000,2.700000,-9.300000,-0.300000
cost01-fixed-fee-v1,cost01-synthetic-01,synthetic_scenario,EUR_scenario,S80_m20_H3,ADD_NEW_CATEGORY,0.80,hypothetical_action,3.0000,2.400000,-9.600000,-0.600000
cost01-fixed-fee-v1,cost01-synthetic-01,synthetic_scenario,EUR_scenario,S80_m20_H3,ADD_NEW_CATEGORY,0.70,hypothetical_action,3.0000,2.100000,-9.900000,-0.900000
cost01-fixed-fee-v1,cost01-synthetic-01,synthetic_scenario,EUR_scenario,S80_m30_H1,REFERENCE,1.00,fixed_reference,20.00,20.0000,0.0000,3.0000
cost01-fixed-fee-v1,cost01-synthetic-01,synthetic_scenario,EUR_scenario,S80_m30_H1,ABSORB,1.00,fixed_reference,17.00,17.0000,-3.0000,0.0000
cost01-fixed-fee-v1,cost01-synthetic-01,synthetic_scenario,EUR_scenario,S80_m30_H1,PASS_HALF,1.00,hypothetical_action,18.50,18.5000,-1.5000,1.5000
cost01-fixed-fee-v1,cost01-synthetic-01,synthetic_scenario,EUR_scenario,S80_m30_H1,PASS_HALF,0.95,hypothetical_action,18.50,17.5750,-2.4250,0.5750
cost01-fixed-fee-v1,cost01-synthetic-01,synthetic_scenario,EUR_scenario,S80_m30_H1,PASS_HALF,0.90,hypothetical_action,18.50,16.6500,-3.3500,-0.3500
cost01-fixed-fee-v1,cost01-synthetic-01,synthetic_scenario,EUR_scenario,S80_m30_H1,PASS_HALF,0.80,hypothetical_action,18.50,14.8000,-5.2000,-2.2000
cost01-fixed-fee-v1,cost01-synthetic-01,synthetic_scenario,EUR_scenario,S80_m30_H1,PASS_HALF,0.70,hypothetical_action,18.50,12.9500,-7.0500,-4.0500
cost01-fixed-fee-v1,cost01-synthetic-01,synthetic_scenario,EUR_scenario,S80_m30_H1,PASS_FULL,1.00,hypothetical_action,20.00,20.0000,0.0000,3.0000
cost01-fixed-fee-v1,cost01-synthetic-01,synthetic_scenario,EUR_scenario,S80_m30_H1,PASS_FULL,0.95,hypothetical_action,20.00,19.0000,-1.0000,2.0000
cost01-fixed-fee-v1,cost01-synthetic-01,synthetic_scenario,EUR_scenario,S80_m30_H1,PASS_FULL,0.90,hypothetical_action,20.00,18.0000,-2.0000,1.0000
cost01-fixed-fee-v1,cost01-synthetic-01,synthetic_scenario,EUR_scenario,S80_m30_H1,PASS_FULL,0.80,hypothetical_action,20.00,16.0000,-4.0000,-1.0000
cost01-fixed-fee-v1,cost01-synthetic-01,synthetic_scenario,EUR_scenario,S80_m30_H1,PASS_FULL,0.70,hypothetical_action,20.00,14.0000,-6.0000,-3.0000
cost01-fixed-fee-v1,cost01-synthetic-01,synthetic_scenario,EUR_scenario,S80_m30_H1,ADD_SAME_CATEGORY,1.00,hypothetical_action,22.0000,22.000000,2.000000,5.000000
cost01-fixed-fee-v1,cost01-synthetic-01,synthetic_scenario,EUR_scenario,S80_m30_H1,ADD_SAME_CATEGORY,0.95,hypothetical_action,22.0000,20.900000,0.900000,3.900000
cost01-fixed-fee-v1,cost01-synthetic-01,synthetic_scenario,EUR_scenario,S80_m30_H1,ADD_SAME_CATEGORY,0.90,hypothetical_action,22.0000,19.800000,-0.200000,2.800000
cost01-fixed-fee-v1,cost01-synthetic-01,synthetic_scenario,EUR_scenario,S80_m30_H1,ADD_SAME_CATEGORY,0.80,hypothetical_action,22.0000,17.600000,-2.400000,0.600000
cost01-fixed-fee-v1,cost01-synthetic-01,synthetic_scenario,EUR_scenario,S80_m30_H1,ADD_SAME_CATEGORY,0.70,hypothetical_action,22.0000,15.400000,-4.600000,-1.600000
cost01-fixed-fee-v1,cost01-synthetic-01,synthetic_scenario,EUR_scenario,S80_m30_H1,ADD_NEW_CATEGORY,1.00,hypothetical_action,19.0000,19.000000,-1.000000,2.000000
cost01-fixed-fee-v1,cost01-synthetic-01,synthetic_scenario,EUR_scenario,S80_m30_H1,ADD_NEW_CATEGORY,0.95,hypothetical_action,19.0000,18.050000,-1.950000,1.050000
cost01-fixed-fee-v1,cost01-synthetic-01,synthetic_scenario,EUR_scenario,S80_m30_H1,ADD_NEW_CATEGORY,0.90,hypothetical_action,19.0000,17.100000,-2.900000,0.100000
cost01-fixed-fee-v1,cost01-synthetic-01,synthetic_scenario,EUR_scenario,S80_m30_H1,ADD_NEW_CATEGORY,0.80,hypothetical_action,19.0000,15.200000,-4.800000,-1.800000
cost01-fixed-fee-v1,cost01-synthetic-01,synthetic_scenario,EUR_scenario,S80_m30_H1,ADD_NEW_CATEGORY,0.70,hypothetical_action,19.0000,13.300000,-6.700000,-3.700000
cost01-fixed-fee-v1,cost01-synthetic-01,synthetic_scenario,EUR_scenario,S80_m30_H2,REFERENCE,1.00,fixed_reference,20.00,20.0000,0.0000,6.0000
cost01-fixed-fee-v1,cost01-synthetic-01,synthetic_scenario,EUR_scenario,S80_m30_H2,ABSORB,1.00,fixed_reference,14.00,14.0000,-6.0000,0.0000
cost01-fixed-fee-v1,cost01-synthetic-01,synthetic_scenario,EUR_scenario,S80_m30_H2,PASS_HALF,1.00,hypothetical_action,17.00,17.0000,-3.0000,3.0000
cost01-fixed-fee-v1,cost01-synthetic-01,synthetic_scenario,EUR_scenario,S80_m30_H2,PASS_HALF,0.95,hypothetical_action,17.00,16.1500,-3.8500,2.1500
cost01-fixed-fee-v1,cost01-synthetic-01,synthetic_scenario,EUR_scenario,S80_m30_H2,PASS_HALF,0.90,hypothetical_action,17.00,15.3000,-4.7000,1.3000
cost01-fixed-fee-v1,cost01-synthetic-01,synthetic_scenario,EUR_scenario,S80_m30_H2,PASS_HALF,0.80,hypothetical_action,17.00,13.6000,-6.4000,-0.4000
cost01-fixed-fee-v1,cost01-synthetic-01,synthetic_scenario,EUR_scenario,S80_m30_H2,PASS_HALF,0.70,hypothetical_action,17.00,11.9000,-8.1000,-2.1000
cost01-fixed-fee-v1,cost01-synthetic-01,synthetic_scenario,EUR_scenario,S80_m30_H2,PASS_FULL,1.00,hypothetical_action,20.00,20.0000,0.0000,6.0000
cost01-fixed-fee-v1,cost01-synthetic-01,synthetic_scenario,EUR_scenario,S80_m30_H2,PASS_FULL,0.95,hypothetical_action,20.00,19.0000,-1.0000,5.0000
cost01-fixed-fee-v1,cost01-synthetic-01,synthetic_scenario,EUR_scenario,S80_m30_H2,PASS_FULL,0.90,hypothetical_action,20.00,18.0000,-2.0000,4.0000
cost01-fixed-fee-v1,cost01-synthetic-01,synthetic_scenario,EUR_scenario,S80_m30_H2,PASS_FULL,0.80,hypothetical_action,20.00,16.0000,-4.0000,2.0000
cost01-fixed-fee-v1,cost01-synthetic-01,synthetic_scenario,EUR_scenario,S80_m30_H2,PASS_FULL,0.70,hypothetical_action,20.00,14.0000,-6.0000,0.0000
cost01-fixed-fee-v1,cost01-synthetic-01,synthetic_scenario,EUR_scenario,S80_m30_H2,ADD_SAME_CATEGORY,1.00,hypothetical_action,19.0000,19.000000,-1.000000,5.000000
cost01-fixed-fee-v1,cost01-synthetic-01,synthetic_scenario,EUR_scenario,S80_m30_H2,ADD_SAME_CATEGORY,0.95,hypothetical_action,19.0000,18.050000,-1.950000,4.050000
cost01-fixed-fee-v1,cost01-synthetic-01,synthetic_scenario,EUR_scenario,S80_m30_H2,ADD_SAME_CATEGORY,0.90,hypothetical_action,19.0000,17.100000,-2.900000,3.100000
cost01-fixed-fee-v1,cost01-synthetic-01,synthetic_scenario,EUR_scenario,S80_m30_H2,ADD_SAME_CATEGORY,0.80,hypothetical_action,19.0000,15.200000,-4.800000,1.200000
cost01-fixed-fee-v1,cost01-synthetic-01,synthetic_scenario,EUR_scenario,S80_m30_H2,ADD_SAME_CATEGORY,0.70,hypothetical_action,19.0000,13.300000,-6.700000,-0.700000
cost01-fixed-fee-v1,cost01-synthetic-01,synthetic_scenario,EUR_scenario,S80_m30_H2,ADD_NEW_CATEGORY,1.00,hypothetical_action,16.0000,16.000000,-4.000000,2.000000
cost01-fixed-fee-v1,cost01-synthetic-01,synthetic_scenario,EUR_scenario,S80_m30_H2,ADD_NEW_CATEGORY,0.95,hypothetical_action,16.0000,15.200000,-4.800000,1.200000
cost01-fixed-fee-v1,cost01-synthetic-01,synthetic_scenario,EUR_scenario,S80_m30_H2,ADD_NEW_CATEGORY,0.90,hypothetical_action,16.0000,14.400000,-5.600000,0.400000
cost01-fixed-fee-v1,cost01-synthetic-01,synthetic_scenario,EUR_scenario,S80_m30_H2,ADD_NEW_CATEGORY,0.80,hypothetical_action,16.0000,12.800000,-7.200000,-1.200000
cost01-fixed-fee-v1,cost01-synthetic-01,synthetic_scenario,EUR_scenario,S80_m30_H2,ADD_NEW_CATEGORY,0.70,hypothetical_action,16.0000,11.200000,-8.800000,-2.800000
cost01-fixed-fee-v1,cost01-synthetic-01,synthetic_scenario,EUR_scenario,S80_m30_H3,REFERENCE,1.00,fixed_reference,20.00,20.0000,0.0000,9.0000
cost01-fixed-fee-v1,cost01-synthetic-01,synthetic_scenario,EUR_scenario,S80_m30_H3,ABSORB,1.00,fixed_reference,11.00,11.0000,-9.0000,0.0000
cost01-fixed-fee-v1,cost01-synthetic-01,synthetic_scenario,EUR_scenario,S80_m30_H3,PASS_HALF,1.00,hypothetical_action,15.50,15.5000,-4.5000,4.5000
cost01-fixed-fee-v1,cost01-synthetic-01,synthetic_scenario,EUR_scenario,S80_m30_H3,PASS_HALF,0.95,hypothetical_action,15.50,14.7250,-5.2750,3.7250
cost01-fixed-fee-v1,cost01-synthetic-01,synthetic_scenario,EUR_scenario,S80_m30_H3,PASS_HALF,0.90,hypothetical_action,15.50,13.9500,-6.0500,2.9500
cost01-fixed-fee-v1,cost01-synthetic-01,synthetic_scenario,EUR_scenario,S80_m30_H3,PASS_HALF,0.80,hypothetical_action,15.50,12.4000,-7.6000,1.4000
cost01-fixed-fee-v1,cost01-synthetic-01,synthetic_scenario,EUR_scenario,S80_m30_H3,PASS_HALF,0.70,hypothetical_action,15.50,10.8500,-9.1500,-0.1500
cost01-fixed-fee-v1,cost01-synthetic-01,synthetic_scenario,EUR_scenario,S80_m30_H3,PASS_FULL,1.00,hypothetical_action,20.00,20.0000,0.0000,9.0000
cost01-fixed-fee-v1,cost01-synthetic-01,synthetic_scenario,EUR_scenario,S80_m30_H3,PASS_FULL,0.95,hypothetical_action,20.00,19.0000,-1.0000,8.0000
cost01-fixed-fee-v1,cost01-synthetic-01,synthetic_scenario,EUR_scenario,S80_m30_H3,PASS_FULL,0.90,hypothetical_action,20.00,18.0000,-2.0000,7.0000
cost01-fixed-fee-v1,cost01-synthetic-01,synthetic_scenario,EUR_scenario,S80_m30_H3,PASS_FULL,0.80,hypothetical_action,20.00,16.0000,-4.0000,5.0000
cost01-fixed-fee-v1,cost01-synthetic-01,synthetic_scenario,EUR_scenario,S80_m30_H3,PASS_FULL,0.70,hypothetical_action,20.00,14.0000,-6.0000,3.0000
cost01-fixed-fee-v1,cost01-synthetic-01,synthetic_scenario,EUR_scenario,S80_m30_H3,ADD_SAME_CATEGORY,1.00,hypothetical_action,16.0000,16.000000,-4.000000,5.000000
cost01-fixed-fee-v1,cost01-synthetic-01,synthetic_scenario,EUR_scenario,S80_m30_H3,ADD_SAME_CATEGORY,0.95,hypothetical_action,16.0000,15.200000,-4.800000,4.200000
cost01-fixed-fee-v1,cost01-synthetic-01,synthetic_scenario,EUR_scenario,S80_m30_H3,ADD_SAME_CATEGORY,0.90,hypothetical_action,16.0000,14.400000,-5.600000,3.400000
cost01-fixed-fee-v1,cost01-synthetic-01,synthetic_scenario,EUR_scenario,S80_m30_H3,ADD_SAME_CATEGORY,0.80,hypothetical_action,16.0000,12.800000,-7.200000,1.800000
cost01-fixed-fee-v1,cost01-synthetic-01,synthetic_scenario,EUR_scenario,S80_m30_H3,ADD_SAME_CATEGORY,0.70,hypothetical_action,16.0000,11.200000,-8.800000,0.200000
cost01-fixed-fee-v1,cost01-synthetic-01,synthetic_scenario,EUR_scenario,S80_m30_H3,ADD_NEW_CATEGORY,1.00,hypothetical_action,13.0000,13.000000,-7.000000,2.000000
cost01-fixed-fee-v1,cost01-synthetic-01,synthetic_scenario,EUR_scenario,S80_m30_H3,ADD_NEW_CATEGORY,0.95,hypothetical_action,13.0000,12.350000,-7.650000,1.350000
cost01-fixed-fee-v1,cost01-synthetic-01,synthetic_scenario,EUR_scenario,S80_m30_H3,ADD_NEW_CATEGORY,0.90,hypothetical_action,13.0000,11.700000,-8.300000,0.700000
cost01-fixed-fee-v1,cost01-synthetic-01,synthetic_scenario,EUR_scenario,S80_m30_H3,ADD_NEW_CATEGORY,0.80,hypothetical_action,13.0000,10.400000,-9.600000,-0.600000
cost01-fixed-fee-v1,cost01-synthetic-01,synthetic_scenario,EUR_scenario,S80_m30_H3,ADD_NEW_CATEGORY,0.70,hypothetical_action,13.0000,9.100000,-10.900000,-1.900000
cost01-fixed-fee-v1,cost01-synthetic-01,synthetic_scenario,EUR_scenario,S80_m40_H1,REFERENCE,1.00,fixed_reference,28.00,28.0000,0.0000,3.0000
cost01-fixed-fee-v1,cost01-synthetic-01,synthetic_scenario,EUR_scenario,S80_m40_H1,ABSORB,1.00,fixed_reference,25.00,25.0000,-3.0000,0.0000
cost01-fixed-fee-v1,cost01-synthetic-01,synthetic_scenario,EUR_scenario,S80_m40_H1,PASS_HALF,1.00,hypothetical_action,26.50,26.5000,-1.5000,1.5000
cost01-fixed-fee-v1,cost01-synthetic-01,synthetic_scenario,EUR_scenario,S80_m40_H1,PASS_HALF,0.95,hypothetical_action,26.50,25.1750,-2.8250,0.1750
cost01-fixed-fee-v1,cost01-synthetic-01,synthetic_scenario,EUR_scenario,S80_m40_H1,PASS_HALF,0.90,hypothetical_action,26.50,23.8500,-4.1500,-1.1500
cost01-fixed-fee-v1,cost01-synthetic-01,synthetic_scenario,EUR_scenario,S80_m40_H1,PASS_HALF,0.80,hypothetical_action,26.50,21.2000,-6.8000,-3.8000
cost01-fixed-fee-v1,cost01-synthetic-01,synthetic_scenario,EUR_scenario,S80_m40_H1,PASS_HALF,0.70,hypothetical_action,26.50,18.5500,-9.4500,-6.4500
cost01-fixed-fee-v1,cost01-synthetic-01,synthetic_scenario,EUR_scenario,S80_m40_H1,PASS_FULL,1.00,hypothetical_action,28.00,28.0000,0.0000,3.0000
cost01-fixed-fee-v1,cost01-synthetic-01,synthetic_scenario,EUR_scenario,S80_m40_H1,PASS_FULL,0.95,hypothetical_action,28.00,26.6000,-1.4000,1.6000
cost01-fixed-fee-v1,cost01-synthetic-01,synthetic_scenario,EUR_scenario,S80_m40_H1,PASS_FULL,0.90,hypothetical_action,28.00,25.2000,-2.8000,0.2000
cost01-fixed-fee-v1,cost01-synthetic-01,synthetic_scenario,EUR_scenario,S80_m40_H1,PASS_FULL,0.80,hypothetical_action,28.00,22.4000,-5.6000,-2.6000
cost01-fixed-fee-v1,cost01-synthetic-01,synthetic_scenario,EUR_scenario,S80_m40_H1,PASS_FULL,0.70,hypothetical_action,28.00,19.6000,-8.4000,-5.4000
cost01-fixed-fee-v1,cost01-synthetic-01,synthetic_scenario,EUR_scenario,S80_m40_H1,ADD_SAME_CATEGORY,1.00,hypothetical_action,32.0000,32.000000,4.000000,7.000000
cost01-fixed-fee-v1,cost01-synthetic-01,synthetic_scenario,EUR_scenario,S80_m40_H1,ADD_SAME_CATEGORY,0.95,hypothetical_action,32.0000,30.400000,2.400000,5.400000
cost01-fixed-fee-v1,cost01-synthetic-01,synthetic_scenario,EUR_scenario,S80_m40_H1,ADD_SAME_CATEGORY,0.90,hypothetical_action,32.0000,28.800000,0.800000,3.800000
cost01-fixed-fee-v1,cost01-synthetic-01,synthetic_scenario,EUR_scenario,S80_m40_H1,ADD_SAME_CATEGORY,0.80,hypothetical_action,32.0000,25.600000,-2.400000,0.600000
cost01-fixed-fee-v1,cost01-synthetic-01,synthetic_scenario,EUR_scenario,S80_m40_H1,ADD_SAME_CATEGORY,0.70,hypothetical_action,32.0000,22.400000,-5.600000,-2.600000
cost01-fixed-fee-v1,cost01-synthetic-01,synthetic_scenario,EUR_scenario,S80_m40_H1,ADD_NEW_CATEGORY,1.00,hypothetical_action,29.0000,29.000000,1.000000,4.000000
cost01-fixed-fee-v1,cost01-synthetic-01,synthetic_scenario,EUR_scenario,S80_m40_H1,ADD_NEW_CATEGORY,0.95,hypothetical_action,29.0000,27.550000,-0.450000,2.550000
cost01-fixed-fee-v1,cost01-synthetic-01,synthetic_scenario,EUR_scenario,S80_m40_H1,ADD_NEW_CATEGORY,0.90,hypothetical_action,29.0000,26.100000,-1.900000,1.100000
cost01-fixed-fee-v1,cost01-synthetic-01,synthetic_scenario,EUR_scenario,S80_m40_H1,ADD_NEW_CATEGORY,0.80,hypothetical_action,29.0000,23.200000,-4.800000,-1.800000
cost01-fixed-fee-v1,cost01-synthetic-01,synthetic_scenario,EUR_scenario,S80_m40_H1,ADD_NEW_CATEGORY,0.70,hypothetical_action,29.0000,20.300000,-7.700000,-4.700000
cost01-fixed-fee-v1,cost01-synthetic-01,synthetic_scenario,EUR_scenario,S80_m40_H2,REFERENCE,1.00,fixed_reference,28.00,28.0000,0.0000,6.0000
cost01-fixed-fee-v1,cost01-synthetic-01,synthetic_scenario,EUR_scenario,S80_m40_H2,ABSORB,1.00,fixed_reference,22.00,22.0000,-6.0000,0.0000
cost01-fixed-fee-v1,cost01-synthetic-01,synthetic_scenario,EUR_scenario,S80_m40_H2,PASS_HALF,1.00,hypothetical_action,25.00,25.0000,-3.0000,3.0000
cost01-fixed-fee-v1,cost01-synthetic-01,synthetic_scenario,EUR_scenario,S80_m40_H2,PASS_HALF,0.95,hypothetical_action,25.00,23.7500,-4.2500,1.7500
cost01-fixed-fee-v1,cost01-synthetic-01,synthetic_scenario,EUR_scenario,S80_m40_H2,PASS_HALF,0.90,hypothetical_action,25.00,22.5000,-5.5000,0.5000
cost01-fixed-fee-v1,cost01-synthetic-01,synthetic_scenario,EUR_scenario,S80_m40_H2,PASS_HALF,0.80,hypothetical_action,25.00,20.0000,-8.0000,-2.0000
cost01-fixed-fee-v1,cost01-synthetic-01,synthetic_scenario,EUR_scenario,S80_m40_H2,PASS_HALF,0.70,hypothetical_action,25.00,17.5000,-10.5000,-4.5000
cost01-fixed-fee-v1,cost01-synthetic-01,synthetic_scenario,EUR_scenario,S80_m40_H2,PASS_FULL,1.00,hypothetical_action,28.00,28.0000,0.0000,6.0000
cost01-fixed-fee-v1,cost01-synthetic-01,synthetic_scenario,EUR_scenario,S80_m40_H2,PASS_FULL,0.95,hypothetical_action,28.00,26.6000,-1.4000,4.6000
cost01-fixed-fee-v1,cost01-synthetic-01,synthetic_scenario,EUR_scenario,S80_m40_H2,PASS_FULL,0.90,hypothetical_action,28.00,25.2000,-2.8000,3.2000
cost01-fixed-fee-v1,cost01-synthetic-01,synthetic_scenario,EUR_scenario,S80_m40_H2,PASS_FULL,0.80,hypothetical_action,28.00,22.4000,-5.6000,0.4000
cost01-fixed-fee-v1,cost01-synthetic-01,synthetic_scenario,EUR_scenario,S80_m40_H2,PASS_FULL,0.70,hypothetical_action,28.00,19.6000,-8.4000,-2.4000
cost01-fixed-fee-v1,cost01-synthetic-01,synthetic_scenario,EUR_scenario,S80_m40_H2,ADD_SAME_CATEGORY,1.00,hypothetical_action,29.0000,29.000000,1.000000,7.000000
cost01-fixed-fee-v1,cost01-synthetic-01,synthetic_scenario,EUR_scenario,S80_m40_H2,ADD_SAME_CATEGORY,0.95,hypothetical_action,29.0000,27.550000,-0.450000,5.550000
cost01-fixed-fee-v1,cost01-synthetic-01,synthetic_scenario,EUR_scenario,S80_m40_H2,ADD_SAME_CATEGORY,0.90,hypothetical_action,29.0000,26.100000,-1.900000,4.100000
cost01-fixed-fee-v1,cost01-synthetic-01,synthetic_scenario,EUR_scenario,S80_m40_H2,ADD_SAME_CATEGORY,0.80,hypothetical_action,29.0000,23.200000,-4.800000,1.200000
cost01-fixed-fee-v1,cost01-synthetic-01,synthetic_scenario,EUR_scenario,S80_m40_H2,ADD_SAME_CATEGORY,0.70,hypothetical_action,29.0000,20.300000,-7.700000,-1.700000
cost01-fixed-fee-v1,cost01-synthetic-01,synthetic_scenario,EUR_scenario,S80_m40_H2,ADD_NEW_CATEGORY,1.00,hypothetical_action,26.0000,26.000000,-2.000000,4.000000
cost01-fixed-fee-v1,cost01-synthetic-01,synthetic_scenario,EUR_scenario,S80_m40_H2,ADD_NEW_CATEGORY,0.95,hypothetical_action,26.0000,24.700000,-3.300000,2.700000
cost01-fixed-fee-v1,cost01-synthetic-01,synthetic_scenario,EUR_scenario,S80_m40_H2,ADD_NEW_CATEGORY,0.90,hypothetical_action,26.0000,23.400000,-4.600000,1.400000
cost01-fixed-fee-v1,cost01-synthetic-01,synthetic_scenario,EUR_scenario,S80_m40_H2,ADD_NEW_CATEGORY,0.80,hypothetical_action,26.0000,20.800000,-7.200000,-1.200000
cost01-fixed-fee-v1,cost01-synthetic-01,synthetic_scenario,EUR_scenario,S80_m40_H2,ADD_NEW_CATEGORY,0.70,hypothetical_action,26.0000,18.200000,-9.800000,-3.800000
cost01-fixed-fee-v1,cost01-synthetic-01,synthetic_scenario,EUR_scenario,S80_m40_H3,REFERENCE,1.00,fixed_reference,28.00,28.0000,0.0000,9.0000
cost01-fixed-fee-v1,cost01-synthetic-01,synthetic_scenario,EUR_scenario,S80_m40_H3,ABSORB,1.00,fixed_reference,19.00,19.0000,-9.0000,0.0000
cost01-fixed-fee-v1,cost01-synthetic-01,synthetic_scenario,EUR_scenario,S80_m40_H3,PASS_HALF,1.00,hypothetical_action,23.50,23.5000,-4.5000,4.5000
cost01-fixed-fee-v1,cost01-synthetic-01,synthetic_scenario,EUR_scenario,S80_m40_H3,PASS_HALF,0.95,hypothetical_action,23.50,22.3250,-5.6750,3.3250
cost01-fixed-fee-v1,cost01-synthetic-01,synthetic_scenario,EUR_scenario,S80_m40_H3,PASS_HALF,0.90,hypothetical_action,23.50,21.1500,-6.8500,2.1500
cost01-fixed-fee-v1,cost01-synthetic-01,synthetic_scenario,EUR_scenario,S80_m40_H3,PASS_HALF,0.80,hypothetical_action,23.50,18.8000,-9.2000,-0.2000
cost01-fixed-fee-v1,cost01-synthetic-01,synthetic_scenario,EUR_scenario,S80_m40_H3,PASS_HALF,0.70,hypothetical_action,23.50,16.4500,-11.5500,-2.5500
cost01-fixed-fee-v1,cost01-synthetic-01,synthetic_scenario,EUR_scenario,S80_m40_H3,PASS_FULL,1.00,hypothetical_action,28.00,28.0000,0.0000,9.0000
cost01-fixed-fee-v1,cost01-synthetic-01,synthetic_scenario,EUR_scenario,S80_m40_H3,PASS_FULL,0.95,hypothetical_action,28.00,26.6000,-1.4000,7.6000
cost01-fixed-fee-v1,cost01-synthetic-01,synthetic_scenario,EUR_scenario,S80_m40_H3,PASS_FULL,0.90,hypothetical_action,28.00,25.2000,-2.8000,6.2000
cost01-fixed-fee-v1,cost01-synthetic-01,synthetic_scenario,EUR_scenario,S80_m40_H3,PASS_FULL,0.80,hypothetical_action,28.00,22.4000,-5.6000,3.4000
cost01-fixed-fee-v1,cost01-synthetic-01,synthetic_scenario,EUR_scenario,S80_m40_H3,PASS_FULL,0.70,hypothetical_action,28.00,19.6000,-8.4000,0.6000
cost01-fixed-fee-v1,cost01-synthetic-01,synthetic_scenario,EUR_scenario,S80_m40_H3,ADD_SAME_CATEGORY,1.00,hypothetical_action,26.0000,26.000000,-2.000000,7.000000
cost01-fixed-fee-v1,cost01-synthetic-01,synthetic_scenario,EUR_scenario,S80_m40_H3,ADD_SAME_CATEGORY,0.95,hypothetical_action,26.0000,24.700000,-3.300000,5.700000
cost01-fixed-fee-v1,cost01-synthetic-01,synthetic_scenario,EUR_scenario,S80_m40_H3,ADD_SAME_CATEGORY,0.90,hypothetical_action,26.0000,23.400000,-4.600000,4.400000
cost01-fixed-fee-v1,cost01-synthetic-01,synthetic_scenario,EUR_scenario,S80_m40_H3,ADD_SAME_CATEGORY,0.80,hypothetical_action,26.0000,20.800000,-7.200000,1.800000
cost01-fixed-fee-v1,cost01-synthetic-01,synthetic_scenario,EUR_scenario,S80_m40_H3,ADD_SAME_CATEGORY,0.70,hypothetical_action,26.0000,18.200000,-9.800000,-0.800000
cost01-fixed-fee-v1,cost01-synthetic-01,synthetic_scenario,EUR_scenario,S80_m40_H3,ADD_NEW_CATEGORY,1.00,hypothetical_action,23.0000,23.000000,-5.000000,4.000000
cost01-fixed-fee-v1,cost01-synthetic-01,synthetic_scenario,EUR_scenario,S80_m40_H3,ADD_NEW_CATEGORY,0.95,hypothetical_action,23.0000,21.850000,-6.150000,2.850000
cost01-fixed-fee-v1,cost01-synthetic-01,synthetic_scenario,EUR_scenario,S80_m40_H3,ADD_NEW_CATEGORY,0.90,hypothetical_action,23.0000,20.700000,-7.300000,1.700000
cost01-fixed-fee-v1,cost01-synthetic-01,synthetic_scenario,EUR_scenario,S80_m40_H3,ADD_NEW_CATEGORY,0.80,hypothetical_action,23.0000,18.400000,-9.600000,-0.600000
cost01-fixed-fee-v1,cost01-synthetic-01,synthetic_scenario,EUR_scenario,S80_m40_H3,ADD_NEW_CATEGORY,0.70,hypothetical_action,23.0000,16.100000,-11.900000,-2.900000
